Workbook

Sheet Parámetros
B2: PARAMETROS
B3: Parametros del Transceiver TQD017 [400Gbps] | C3: Valores | D3: Variabilidad
B4: Potencia maxima de salida (dBm) | C4: 1
B5: Potencia minima de salida (dBm) | C5: -9
B6: Dispersion Cromatica (ps/nm) | C6: 12000
B7: Sensibilidad en el receptor para OSNR >= 23,5dB (dB) | C7: -14 | E7: Relacionada con E-12 | G7: Se suele llegar con -7,8 dBm
B8: Potencia maxima de entrada en el receptor (dBm) | C8: 13
B9: OSNR del transmisor a 0,1nm (dB) | C9: 38
B10: OSNR requerida | C10: 23.5
B11: Tolerancia PMD (ps) | C11: 10 | E11: En transceivers modernos que usan DP-16QAM suele ser 10 [ps]
B12: GSNR a 0,1nm (dB) | C12: 23.5 | E12: OSNR de recepcion con -14dBm
B13: Bo (GHz) | C13: 12.5 | E13: Normalizado a 0,1nm
B14: Multiplexador DCP-R-9D
B15: VOA ajustable | D15: - (0 a 19) dB | E15: Cantidad Canales = 40
B16: Atenuacion MUX+/DEMUX+ | C16: 10
B17: Preamplificador Integrado
B18: Sensibilidad máxima LINE (IN) (dBm) | C18: -25 | E18: Tratamos siempre de llegar al pre con -18,8 dB | H18: 18.8
B19: Potencia de entrada mínima por canal (dBm) | C19: -41.02 | E19: Sensibilidad maxima (LINE IN) - 10*log10(Cantidad Canales) | I19: 10*log10(40)=16,02
B20: Ganancia del preamplificador (dB) | C20: 21
B21: Potencia de salida máxima SIG (OUT) (dBm) | C21: 20
B22: Potencia de entrada máxima por canal (dBm) para 22dB ganancia | C22: -18.02 | E22: Potencia de entrada maxima total - 10*log10(Cantidad Canales) | I22: Potencia de entrada maxima total = Potencia de salida maxima (SIG OUT) - Ganancia
B23: Figura de Ruido preamplificador (dB) | C23: 5.5
B24: Booster Integrado
B25: Sensibilidad máxima SIG (IN) (dBm) | C25: -25 | E25: Tratamos siempre de llegar al booster con -17,8 dB
B26: Potencia de entrada mínima por canal (dBm) | C26: -41.02
B27: Ganancia Booster Amplifier (dB) | C27: 21.5
B28: Potencia de salida máxima LINE (OUT) (dBm) | C28: 20
B29: Potencia de entrada máxima por canal (dBm) para 21,5dB ganancia | C29: -17.52 | E29: Potencia de entrada maxima total - 10*log10(Cantidad Canales) | I29: Potencia de entrada maxima total = Potencia de salida maxima (LINE OUT) - Ganancia
B30: Figura de Ruido booster (dB) | C30: 6 | E30: Tratamos de salir del Booster con 2,5 dB por canal | I30: =2.5 -> 2.5
B31: Parametros del Amplificador de Linea (OLA2525)
B32: VOA ajustable
B33: Sensibilidad máxima LINE (IN) (dBm) | C33: -28
B34: Potencia de entrada mínima por canal (dBm) | C34: -44.02
B35: Ganancia del amplificador (dB) | C35: 25
B36: Potencia de salida máxima LINE (OUT) (dBm) | C36: 21.5
B37: Potencia de entrada máxima por canal (dBm) para 25dB ganancia | C37: -19.52 | E37: Potencia de entrada maxima total - 10*log10(Cantidad Canales) | I37: Potencia de entrada maxima total = Potencia de salida maxima (LINE OUT) - Ganancia
B38: Figura de Ruido (dB) | C38: 5.5
B39: Parametros de la fibra Corning SMF-28
B40: Atenuación (db/km) | C40: 0.18
B41: Atenuación (dB/km) + 0,05 empalmes fusion | C41: 0.185
B42: Dispersion Cromatica (ps/(nm.km)) en 1550nm | C42: 18
B43: PMD (ps/√km) | C43: 0.1
B44: λ0 (Dispersión cero) | C44: 1304 | D44: 1304-1324 nm
B45: Pendiente en λ0 (Dispersión cero) (ps/(nm^2.km)) | C45: 0.093 | H45: Justificacion de los valores asignados en C48, C49, C50 y C59
B46: Area efectiva - Ae [um²] | C46: 85
B47: Indice no lineal - ñ [um²/W] | C47: =1.8*10^-8 -> 1.8e-08
B48: Coeficiente no linealidad - Lambda [Wkm^-1] | C48: 0.86 | E48: Longitud maxima de 50,4 km/rollo
B49: Parametros de la fibra Corning Compensadora Fiberdyne
B50: Longitud (km) | C50: 20 | D50: 20-140
B51: D*L (ps/nm) | C51: -340
B52: Dispersion Cromatica (ps/[nm*km]) | C52: -17
B53: Perdida de insercion | C53: 2.9
B54: PMD (ps) | C54: 0.6
B55: No linealidades
B56: Cantidad de spans entre Tx y Rx | C56: 1
B57: γ (Coef. de propagación no lineal en (W.km)^-1) | C57: 0.86
B58: |β2| (s^2/km) | C58: =-(1550^2)*C42/(2*PI()*300000) -> -22.942185
B59: Número de canales en el enlace | C59: 40
B60: Tasa de símbolos (Baudios) | C60: =63.1*10^9 -> 63100000000 | E60: Recordar roll-off de 0,11
B61: Ancho de banda del slot (Hz) | C61: =12.5*10^9 -> 12500000000
B63: Parametros del Transceiver TQD017 [100Gbps] | C63: Valores | D63: Variabilidad
B64: Potencia maxima de salida (dBm) | C64: 1
B65: Potencia minima de salida (dBm) | C65: -9
B66: Dispersion Cromatica (ps/nm) | C66: 77000
B67: Sensibilidad en el receptor para OSNR >= 11,8dB (dB) | C67: -20
B68: Potencia maxima de entrada en el receptor (dBm) | C68: 13
B69: OSNR del transmisor a 0,1nm (dB) | C69: 38
B70: OSNR requerida | C70: 11.8
B71: Tolerancia PMD (ps) | C71: 30
B72: GSNR a 0,1nm (dB) | C72: 11.8
B73: Bo (GHz) | C73: 12.5
B74: Tasa de simbolos (Baudios) | C74: =31.6*10^9 -> 31600000000
B76: Parametros del Transceiver TQD017 [200Gbps] | C76: Valores | D76: Variabilidad
B77: Potencia maxima de salida (dBm) | C77: 1
B78: Potencia minima de salida (dBm) | C78: -9
B79: Dispersion Cromatica (ps/nm) | C79: 30000
B80: Sensibilidad en el receptor para OSNR >= 20,5dB (dB) | C80: -16
B81: Potencia maxima de entrada en el receptor (dBm) | C81: 13
B82: OSNR del transmisor a 0,1nm (dB) | C82: 38
B83: OSNR requerida | C83: 20.5
B84: Tolerancia PMD (ps) | C84: 30
B85: GSNR a 0,1nm (dB) | C85: 20.5
B86: Bo (GHz) | C86: 12.5
B87: Tasa de simbolos (Baudios) | C87: =31.6*10^9 -> 31600000000

Sheet Enlace Comprometido
A1: Benavidez - Rosario | D1: calculos normalizados a 0,1 nm
A2: Presupuesto de Potencia | B2: Distancia (km) | C2: Atenuación por km | D2: Amplificación/Atenuación (dB) | E2: Potencia acumulada (dBm) | F2: 400 Gbps / Limite | G2: NF (dB) | H2: OSNR canal (dB) | I2: OSNR canal (veces) | J2: OSNR acumulada (dB) | K2: OSNR acumulada (veces) | L2: 1/GSNR NL | M2: GSNR NL (dB) | N2: GSNR NL (veces) | O2: GSNR NL acumulada (dB) | P2: GSNR NL acumulada (veces) | Q2: GSNR Total (dB)
A3: Benavidez | F3: 400
A4: Transceiver | E4: =Parámetros!C5 -> -9 | H4: =Parámetros!C9 -> 38 | I4: =10^(H4/10) -> 6309.5734 | J4: =H4 -> 38 | K4: =10^(J4/10) -> 6309.5734 | L4: - | M4: - | N4: - | O4: - | P4: -
A5: MUX+ | D5: =-Parámetros!C16 -> -10 | E5: =D5+E4 -> -19 | F5: =Parámetros!C29 -> -17.52
A6: Amplificador Booster | D6: =Parámetros!C27 -> 21.5 | E6: =D6+E5 -> 2.5 | G6: =Parámetros!C30 -> 6 | H6: =E5+158.9-10*LOG10(Parámetros!C13*10^9)-G6 -> 32.9309 | I6: =10^(H6/10) -> 1963.7671 | J6: =10*LOG10(K6) -> 31.754091 | K6: =1/((1/K4)+(1/I6)) -> 1497.6457 | L6: =(2/3)^3*Parámetros!C56*(Parámetros!C57)^2*'No linealidades'!D3*(10^(E7/10)*0.001)^2*LOG10(PI()^2*ABS(Parámetros!C58*10^(-24))*'No linealidades'!D3*(Parámetros!C59)^2*Parámetros!C60^2)/(PI()*ABS(Parámetros!C58*10^(-24))*Parámetros!C60^3)*Parámetros!C13*10^9 -> 4.9024839e-05 | M6: =10*LOG10(N6) -> 43.095838 | N6: =1/L6 -> 20397.823 | O6: =M6 -> 43.095838 | P6: =N6 -> 20397.823 | Q6: =10*LOG10(HARMEAN(K6,P6)/2) -> 31.446387
A7: VOA (Booster) | D7: 0 | E7: =D7+E6 -> 2.5
A8: Fibra | B8: 80 | C8: =Parámetros!C41 -> 0.185 | D8: =-B8*C8 -> -14.8 | E8: =D8+E7 -> -12.3 | F8: =IF(E8>=Parámetros!C18,"V","F") -> V
A9: Campana
A10: VOA (Line In) | D10: =-(E8+Parámetros!H18) -> -6.5 | E10: =E8+D10 -> -18.8 | F10: =Parámetros!C22 -> -18.02
A11: Preamplificador | D11: =Parámetros!C20 -> 21 | E11: =D11+E10 -> 2.2 | G11: =Parámetros!C23 -> 5.5 | H11: =E10+158.9-10*LOG10(Parámetros!C13*10^9)-G11 -> 33.6309 | I11: =10^(H11/10) -> 2307.2252 | J11: =10*LOG10(K11) -> 29.581591 | K11: =1/(1/I11+1/K6) -> 908.15326 | L11: - | M11: - | N11: - | O11: - | P11: - | Q11: =10*LOG10(HARMEAN(K11,P6)/2) -> 29.392415
A12: WSS+ (ROADM 1) | D12: =-Parámetros!C16 -> -10 | E12: =D12+E11 -> -7.8
A13: WSS+ (ROADM 2) | D13: =-Parámetros!C16 -> -10 | E13: =D13+E12 -> -17.8 | F13: =Parámetros!C29 -> -17.52
A14: Amplificador Booster | D14: =Parámetros!C27 -> 21.5 | E14: =D14+E13 -> 3.7 | G14: =Parámetros!C30 -> 6 | H14: =E13+158.9-10*LOG10(Parámetros!C13*10^9)-G14 -> 34.1309 | I14: =10^(H14/10) -> 2588.7493 | J14: =10*LOG10(K14) -> 28.275656 | K14: =1/(1/I14+1/K11) -> 672.30386 | L14: =(2/3)^3*Parámetros!C56*(Parámetros!C57)^2*'No linealidades'!D4*(10^(E15/10)*0.001)^2*LOG10(PI()^2*ABS(Parámetros!C58*10^(-24))*'No linealidades'!D4*(Parámetros!C59)^2*Parámetros!C60^2)/(PI()*ABS(Parámetros!C58*10^(-24))*Parámetros!C60^3)*Parámetros!C13*10^9 -> 1.9856792e-05 | M14: =10*LOG10(N14) -> 47.020909 | N14: =1/L14 -> 50360.603 | O14: =10*LOG10(P14) -> 41.618966 | P14: =HARMEAN(N6,N14)/2 -> 14517.659 | Q14: =10*LOG10(HARMEAN(K14,P14)/2) -> 28.079055
A15: VOA (Booster) | D15: =-(E14-Parámetros!I30) -> -1.2 | E15: =D15+E14 -> 2.5
A16: Fibra | B16: 13 | C16: =Parámetros!C41 -> 0.185 | D16: =-B16*C16 -> -2.405 | E16: =D16+E15 -> 0.095 | F16: =IF(E16>=Parámetros!C18,"V","F") -> V
A17: Zarate
A18: VOA (Line In) | D18: =-(E16+Parámetros!H18) -> -18.895 | E18: =E16+D18 -> -18.8 | F18: =Parámetros!C22 -> -18.02
A19: Preamplificador | D19: =Parámetros!C20 -> 21 | E19: =D19+E18 -> 2.2 | G19: =Parámetros!C23 -> 5.5 | H19: =E18+158.9-10*LOG10(Parámetros!C13*10^9)-G19 -> 33.6309 | I19: =10^(H19/10) -> 2307.2252 | J19: =10*LOG10(K19) -> 27.16508 | K19: =1/(1/I19+1/K14) -> 520.60456 | L19: - | M19: - | N19: - | O19: - | P19: - | Q19: =10*LOG10(HARMEAN(K19,P14)/2) -> 27.012069
A20: WSS+ (ROADM 1) | D20: =-Parámetros!C16 -> -10 | E20: =D20+E19 -> -7.8
A21: WSS+ (ROADM 2) | D21: =-Parámetros!C16 -> -10 | E21: =D21+E20 -> -17.8 | F21: =Parámetros!C29 -> -17.52
A22: Amplificador Booster | D22: =Parámetros!C27 -> 21.5 | E22: =D22+E21 -> 3.7 | G22: =Parámetros!C30 -> 6 | H22: =E21+158.9-10*LOG10(Parámetros!C13*10^9)-G22 -> 34.1309 | I22: =10^(H22/10) -> 2588.7493 | J22: =10*LOG10(K22) -> 26.369278 | K22: =1/(1/I22+1/K19) -> 433.43883 | L22: =(2/3)^3*Parámetros!C56*(Parámetros!C57)^2*'No linealidades'!D5*(10^(E23/10)*0.001)^2*LOG10(PI()^2*ABS(Parámetros!C58*10^(-24))*'No linealidades'!D5*(Parámetros!C59)^2*Parámetros!C60^2)/(PI()*ABS(Parámetros!C58*10^(-24))*Parámetros!C60^3)*Parámetros!C13*10^9 -> 4.7664792e-05 | M22: =10*LOG10(N22) -> 43.218023 | N22: =1/L22 -> 20979.846 | O22: =10*LOG10(P22) -> 39.335011 | P22: =HARMEAN(N6,N14,N22)/3 -> 8580.2719 | Q22: =10*LOG10(HARMEAN(K22,P22)/2) -> 26.155252
A23: VOA (Booster) | D23: =-(E22-Parámetros!I30) -> -1.2 | E23: =D23+E22 -> 2.5
A24: Fibra | B24: 67 | C24: =Parámetros!C41 -> 0.185 | D24: =-B24*C24 -> -12.395 | E24: =D24+E23 -> -9.895 | F24: =IF(E24>=Parámetros!C18,"V","F") -> V
A25: Baradero
A26: VOA (Line In) | D26: =-(E24+Parámetros!H18) -> -8.905 | E26: =E24+D26 -> -18.8 | F26: =Parámetros!C22 -> -18.02
A27: Preamplificador | D27: =Parámetros!C20 -> 21 | E27: =D27+E26 -> 2.2 | G27: =Parámetros!C23 -> 5.5 | H27: =E26+158.9-10*LOG10(Parámetros!C13*10^9)-G27 -> 33.6309 | I27: =10^(H27/10) -> 2307.2252 | J27: =10*LOG10(K27) -> 25.62162 | K27: =1/(1/I27+1/K22) -> 364.89003 | L27: - | M27: - | N27: - | O27: - | P27: - | Q27: =10*LOG10(HARMEAN(K27,P22)/2) -> 25.440748
A28: WSS+ (ROADM 1) | D28: =-Parámetros!C16 -> -10 | E28: =D28+E27 -> -7.8
A29: WSS+ (ROADM 2) | D29: =-Parámetros!C16 -> -10 | E29: =D29+E28 -> -17.8 | F29: =Parámetros!C29 -> -17.52
A30: Amplificador Booster | D30: =Parámetros!C27 -> 21.5 | E30: =D30+E29 -> 3.7 | G30: =Parámetros!C30 -> 6 | H30: =E29+158.9-10*LOG10(Parámetros!C13*10^9)-G30 -> 34.1309 | I30: =10^(H30/10) -> 2588.7493 | J30: =10*LOG10(K30) -> 25.048945 | K30: =1/(1/I30+1/K27) -> 319.81183 | L30: =(2/3)^3*Parámetros!C56*(Parámetros!C57)^2*'No linealidades'!D6*(10^(E31/10)*0.001)^2*LOG10(PI()^2*ABS(Parámetros!C58*10^(-24))*'No linealidades'!D6*(Parámetros!C59)^2*Parámetros!C60^2)/(PI()*ABS(Parámetros!C58*10^(-24))*Parámetros!C60^3)*Parámetros!C13*10^9 -> 3.7916598e-05 | M30: =10*LOG10(N30) -> 44.211706 | N30: =1/L30 -> 26373.674 | O30: =10*LOG10(P30) -> 38.111755 | P30: =HARMEAN(N6,N14,N22,N30)/4 -> 6474.0415 | Q30: =10*LOG10(HARMEAN(K30,P30)/2) -> 24.839538
A31: VOA (Booster) | D31: =-(E30-Parámetros!I30) -> -1.2 | E31: =D31+E30 -> 2.5
A32: Fibra | B32: 34 | C32: =Parámetros!C41 -> 0.185 | D32: =-B32*C32 -> -6.29 | E32: =D32+E31 -> -3.79 | F32: =IF(E32>=Parámetros!C18,"V","F") -> V
A33: San Pedro BsAs
A34: VOA (Line In) | D34: =-(E32+Parámetros!H18) -> -15.01 | E34: =D34+E32 -> -18.8 | F34: =Parámetros!C22 -> -18.02
A35: Preamplificador | D35: =Parámetros!C20 -> 21 | E35: =D35+E34 -> 2.2 | G35: =Parámetros!C23 -> 5.5 | H35: =E34+158.9-10*LOG10(Parámetros!C13*10^9)-G35 -> 33.6309 | I35: =10^(H35/10) -> 2307.2252 | J35: =10*LOG10(K35) -> 24.485183 | K35: =1/(1/I35+1/K30) -> 280.87839 | L35: - | M35: - | N35: - | O35: - | P35: - | Q35: =10*LOG10(HARMEAN(K35,P30)/2) -> 24.300736
A36: WSS+ (ROADM 1) | D36: =-Parámetros!C16 -> -10 | E36: =D36+E35 -> -7.8
A37: WSS+ (ROADM 2) | D37: =-Parámetros!C16 -> -10 | E37: =D37+E36 -> -17.8 | F37: =Parámetros!C29 -> -17.52
A38: Amplificador Booster | D38: =Parámetros!C27 -> 21.5 | E38: =D38+E37 -> 3.7 | G38: =Parámetros!C30 -> 6 | H38: =E37+158.9-10*LOG10(Parámetros!C13*10^9)-G38 -> 34.1309 | I38: =10^(H38/10) -> 2588.7493 | J38: =10*LOG10(K38) -> 24.037828 | K38: =1/(1/I38+1/K35) -> 253.38608 | L38: =(2/3)^3*Parámetros!C56*(Parámetros!C57)^2*'No linealidades'!D7*(10^(E39/10)*0.001)^2*LOG10(PI()^2*ABS(Parámetros!C58*10^(-24))*'No linealidades'!D7*(Parámetros!C59)^2*Parámetros!C60^2)/(PI()*ABS(Parámetros!C58*10^(-24))*Parámetros!C60^3)*Parámetros!C13*10^9 -> 4.8683036e-05 | M38: =10*LOG10(N38) -> 43.126223 | N38: =1/L38 -> 20541.036 | O38: =10*LOG10(P38) -> 37.142655 | P38: =HARMEAN(N6,N14,N22,N30)/5 -> 5179.2332 | Q38: =10*LOG10(HARMEAN(K38,P38)/2) -> 23.83039
A39: VOA (Booster) | D39: =-(E38-Parámetros!I30) -> -1.2 | E39: =D39+E38 -> 2.5
A40: Fibra | B40: 76 | C40: =Parámetros!C41 -> 0.185 | D40: =-B40*C40 -> -14.06 | E40: =D40+E39 -> -11.56 | F40: =IF(E40>=Parámetros!C18,"V","F") -> V
A41: San Nicolas de los Arroyos
A42: VOA (Line In) | D42: =-(E40+Parámetros!H18) -> -7.24 | E42: =E40+D42 -> -18.8 | F42: =Parámetros!C22 -> -18.02
A43: Preamplificador | D43: =Parámetros!C20 -> 21 | E43: =D43+E42 -> 2.2 | G43: =Parámetros!C23 -> 5.5 | H43: =E42+158.9-10*LOG10(Parámetros!C13*10^9)-G43 -> 33.6309 | I43: =10^(H43/10) -> 2307.2252 | J43: =10*LOG10(K43) -> 23.585291 | K43: =1/(1/I43+1/K38) -> 228.31219 | L43: - | M43: - | N43: - | O43: - | P43: - | Q43: =10*LOG10(HARMEAN(K43,P38)/2) -> 23.397944
A44: WSS+ (ROADM 1) | D44: =-Parámetros!C16 -> -10 | E44: =D44+E43 -> -7.8
A45: WSS+ (ROADM 2) | D45: =-Parámetros!C16 -> -10 | E45: =D45+E44 -> -17.8 | F45: =Parámetros!C29 -> -17.52
A46: Amplificador Booster | D46: =Parámetros!C27 -> 21.5 | E46: =D46+E45 -> 3.7 | G46: =Parámetros!C30 -> 6 | H46: =E45+158.9-10*LOG10(Parámetros!C13*10^9)-G46 -> 34.1309 | I46: =10^(H46/10) -> 2588.7493 | J46: =10*LOG10(K46) -> 23.218228 | K46: =1/(1/I46+1/K43) -> 209.80835 | L46: =(2/3)^3*Parámetros!C56*(Parámetros!C57)^2*'No linealidades'!D8*(10^(E47/10)*0.001)^2*LOG10(PI()^2*ABS(Parámetros!C58*10^(-24))*'No linealidades'!D8*(Parámetros!C59)^2*Parámetros!C60^2)/(PI()*ABS(Parámetros!C58*10^(-24))*Parámetros!C60^3)*Parámetros!C13*10^9 -> 4.9101597e-05 | M46: =10*LOG10(N46) -> 43.089044 | N46: =1/L46 -> 20365.936 | O46: =10*LOG10(P46) -> 36.121165 | P46: =HARMEAN(N6,N14,N22,N30,N46)/6 -> 4093.7042 | Q46: =10*LOG10(HARMEAN(K46,P46)/2) -> 23.001161 | R46: Recordar umbral de 23,5
A47: VOA (Booster) | D47: =-(E46-Parámetros!I30) -> -1.2 | E47: =D47+E46 -> 2.5
A48: Fibra | B48: 81 | C48: =Parámetros!C41 -> 0.185 | D48: =-B48*C48 -> -14.985 | E48: =D48+E47 -> -12.485 | F48: =IF(E48>=Parámetros!C18,"V","F") -> V
A49: Rosario
A50: VOA (Line In) | D50: =-(E48+Parámetros!H18) -> -6.315 | E50: =E48+D50 -> -18.8 | F50: =Parámetros!C22 -> -18.02
A51: Preamplificador | D51: =Parámetros!C20 -> 21 | E51: =D51+E50 -> 2.2 | G51: =Parámetros!C23 -> 5.5 | H51: =E50+158.9-10*LOG10(Parámetros!C13*10^9)-G51 -> 33.6309 | I51: =10^(H51/10) -> 2307.2252 | J51: =10*LOG10(K51) -> 22.840237 | K51: =1/(1/I51+1/K46) -> 192.31969 | L51: - | M51: - | N51: - | O51: - | P51: - | Q51: =10*LOG10(HARMEAN(K51,P46)/2) -> 22.640856
A52: DEMUX+ | D52: =-Parámetros!C16 -> -10 | E52: =D52+E51 -> -7.8
A53: Transceiver | E53: =E52 -> -7.8 | F53: =IF(E53>=Parámetros!C7,"V","F") -> V
F54: TOTAL | J54: =J51 -> 22.840237 | K54: =K51 -> 192.31969 | O54: =O46 -> 36.121165 | P54: =P46 -> 4093.7042 | Q54: =10*LOG10(HARMEAN(K54,P54)/2) -> 22.640856 | R54: NO FUNCIONA
F55: Requerido para 400 Gbps | J55: =Parámetros!C10 -> 23.5 | K55: =10^(J55/10) -> 223.87211 | Q55: =Parámetros!C12 -> 23.5
A57: Longitud de onda | B57: Coeficiente DC (ps/(nm.km) | C57: Coeficiente DCF (ps/(nm.km) | D57: Compensacion Transceiver ps/nm | H57: Longitud de onda | I57: Coeficiente DC (ps/(nm.km)
A58: 1550 nm | B58: 18 | C58: -17 | D58: 12000 | H58: 1534.8 nm - 195,4 THz | I58: 17.09
A59: Tramo | B59: Distancia (km) | C59: Dispersión tramo (ps/nm) | D59: Dispersión acumulada (ps/nm) | G59: Distancia (km) | H59: Dispersión tramo (ps/nm) | I59: Dispersión acumulada (ps/nm)
A60: Benavidez-Campana | B60: 80 | C60: =B$58*B60 -> 1440 | D60: =C60 -> 1440 | G60: 80 | H60: =G60*I$58 -> 1367.2 | I60: =H60 -> 1367.2
A61: Campana-Zarate | B61: 13 | C61: =B$58*B61 -> 234 | D61: =C61+D60 -> 1674 | G61: 13 | H61: =G61*I$58 -> 222.17 | I61: =H61+I60 -> 1589.37
A62: Zarate-Baradero | B62: 67 | C62: =B$58*B62 -> 1206 | D62: =C62+D61 -> 2880 | G62: 67 | H62: =G62*I$58 -> 1145.03 | I62: =H62+I61 -> 2734.4
A63: Baradero-San Pedro BsAs | B63: 34 | C63: =B$58*B63 -> 612 | D63: =C63+D62 -> 3492 | G63: 34 | H63: =G63*I$58 -> 581.06 | I63: =H63+I62 -> 3315.46
A64: San Pedro BsAs-San Nicolas de los Arroyos | B64: 76 | C64: =B$58*B64 -> 1368 | D64: =C64+D63 -> 4860 | G64: 76 | H64: =G64*I$58 -> 1298.84 | I64: =H64+I63 -> 4614.3
A65: San Nicolas de los Arroyos-Rosario | B65: 81 | C65: =B$58*B65 -> 1458 | D65: =C65+D64 -> 6318 | G65: 81 | H65: =G65*I$58 -> 1384.29 | I65: =H65+I64 -> 5998.59
H68: Longitud de onda | I68: Coeficiente DC (ps/(nm.km)
A69: Cálculo PMD | B69: =Parámetros!C43 -> 0.1 | C69: Coeficiente PMD | H69: 1565 nm - 191.7 THz | I69: 18.85
A70: Tramo | B70: Distancia (km) | C70: Dispersión (ps) | G70: Distancia (km) | H70: Dispersión tramo (ps/nm) | I70: Dispersión acumulada (ps/nm)
A71: Benavidez-Campana | B71: 80 | C71: =B$69*SQRT(B71) -> 0.89442719 | G71: 80 | H71: =G71*I$69 -> 1508 | I71: =H71 -> 1508
A72: Campana-Zarate | B72: 13 | C72: =B$69*SQRT(B72) -> 0.36055513 | G72: 13 | H72: =G72*I$69 -> 245.05 | I72: =H72+I71 -> 1753.05
A73: Zarate-Baradero | B73: 67 | C73: =B$69*SQRT(B73) -> 0.81853528 | G73: 67 | H73: =G73*I$69 -> 1262.95 | I73: =H73+I72 -> 3016
A74: Baradero-San Pedro BsAs | B74: 34 | C74: =B$69*SQRT(B74) -> 0.58309519 | G74: 34 | H74: =G74*I$69 -> 640.9 | I74: =H74+I73 -> 3656.9
A75: San Pedro BsAs-San Nicolas de los Arroyos | B75: 76 | C75: =B$69*SQRT(B75) -> 0.87177979 | G75: 76 | H75: =G75*I$69 -> 1432.6 | I75: =H75+I74 -> 5089.5
A76: San Nicolas de los Arroyos-Rosario | B76: 81 | C76: =B$69*SQRT(B76) -> 0.9 | G76: 81 | H76: =G76*I$69 -> 1526.85 | I76: =H76+I75 -> 6616.35
A77: PMD Total | C77: =SUM(C71:C76) -> 4.4283926
B78: El transceiver aguanta 10 [ps]

Sheet Enlace Comprometido REG
A1: Benavidez - Rosario | D1: calculos normalizados a 0,1 nm
A2: Presupuesto de Potencia | B2: Distancia (km) | C2: Atenuación por km | D2: Amplificación/Atenuación (dB) | E2: Potencia acumulada (dBm) | F2: 400 Gbps / Limite | G2: NF (dB) | H2: OSNR canal (dB) | I2: OSNR canal (veces) | J2: OSNR acumulada (dB) | K2: OSNR acumulada (veces) | L2: 1/GSNR NL | M2: GSNR NL (dB) | N2: GSNR NL (veces) | O2: GSNR NL acumulada (dB) | P2: GSNR NL acumulada (veces) | Q2: GSNR Total (dB)
A3: Benavidez | F3: 400
A4: Transceiver | E4: =Parámetros!C5 -> -9 | H4: =Parámetros!C9 -> 38 | I4: =10^(H4/10) -> 6309.5734 | J4: =H4 -> 38 | K4: =10^(J4/10) -> 6309.5734 | L4: - | M4: - | N4: - | O4: - | P4: -
A5: MUX+ | D5: =-Parámetros!C16 -> -10 | E5: =D5+E4 -> -19 | F5: =Parámetros!C29 -> -17.52
A6: Amplificador Booster | D6: =Parámetros!C27 -> 21.5 | E6: =D6+E5 -> 2.5 | G6: =Parámetros!C30 -> 6 | H6: =E5+158.9-10*LOG10(Parámetros!C13*10^9)-G6 -> 32.9309 | I6: =10^(H6/10) -> 1963.7671 | J6: =10*LOG10(K6) -> 31.754091 | K6: =1/((1/K4)+(1/I6)) -> 1497.6457 | L6: =(2/3)^3*Parámetros!C56*(Parámetros!C57)^2*'No linealidades'!D3*(10^(E7/10)*0.001)^2*LOG10(PI()^2*ABS(Parámetros!C58*10^(-24))*'No linealidades'!D3*(Parámetros!C59)^2*Parámetros!C60^2)/(PI()*ABS(Parámetros!C58*10^(-24))*Parámetros!C60^3)*Parámetros!C13*10^9 -> 4.9024839e-05 | M6: =10*LOG10(N6) -> 43.095838 | N6: =1/L6 -> 20397.823 | O6: =M6 -> 43.095838 | P6: =N6 -> 20397.823 | Q6: =10*LOG10(HARMEAN(K6,P6)/2) -> 31.446387
A7: VOA (Booster) | D7: 0 | E7: =D7+E6 -> 2.5
A8: Fibra | B8: 80 | C8: =Parámetros!C41 -> 0.185 | D8: =-B8*C8 -> -14.8 | E8: =D8+E7 -> -12.3 | F8: =IF(E8>=Parámetros!C18,"V","F") -> V
A9: Campana
A10: VOA (Line In) | D10: =-(E8+Parámetros!H18) -> -6.5 | E10: =E8+D10 -> -18.8 | F10: =Parámetros!C22 -> -18.02
A11: Preamplificador | D11: =Parámetros!C20 -> 21 | E11: =D11+E10 -> 2.2 | G11: =Parámetros!C23 -> 5.5 | H11: =E10+158.9-10*LOG10(Parámetros!C13*10^9)-G11 -> 33.6309 | I11: =10^(H11/10) -> 2307.2252 | J11: =10*LOG10(K11) -> 29.581591 | K11: =1/(1/I11+1/K6) -> 908.15326 | L11: - | M11: - | N11: - | O11: - | P11: - | Q11: =10*LOG10(HARMEAN(K11,P6)/2) -> 29.392415
A12: WSS+ (ROADM 1) | D12: =-Parámetros!C16 -> -10 | E12: =D12+E11 -> -7.8
A13: WSS+ (ROADM 2) | D13: =-Parámetros!C16 -> -10 | E13: =D13+E12 -> -17.8 | F13: =Parámetros!C29 -> -17.52
A14: Amplificador Booster | D14: =Parámetros!C27 -> 21.5 | E14: =D14+E13 -> 3.7 | G14: =Parámetros!C30 -> 6 | H14: =E13+158.9-10*LOG10(Parámetros!C13*10^9)-G14 -> 34.1309 | I14: =10^(H14/10) -> 2588.7493 | J14: =10*LOG10(K14) -> 28.275656 | K14: =1/(1/I14+1/K11) -> 672.30386 | L14: =(2/3)^3*Parámetros!C56*(Parámetros!C57)^2*'No linealidades'!D4*(10^(E15/10)*0.001)^2*LOG10(PI()^2*ABS(Parámetros!C58*10^(-24))*'No linealidades'!D4*(Parámetros!C59)^2*Parámetros!C60^2)/(PI()*ABS(Parámetros!C58*10^(-24))*Parámetros!C60^3)*Parámetros!C13*10^9 -> 1.9856792e-05 | M14: =10*LOG10(N14) -> 47.020909 | N14: =1/L14 -> 50360.603 | O14: =10*LOG10(P14) -> 41.618966 | P14: =HARMEAN(N6,N14)/2 -> 14517.659 | Q14: =10*LOG10(HARMEAN(K14,P14)/2) -> 28.079055
A15: VOA (Booster) | D15: =-(E14-Parámetros!I30) -> -1.2 | E15: =D15+E14 -> 2.5
A16: Fibra | B16: 13 | C16: =Parámetros!C41 -> 0.185 | D16: =-B16*C16 -> -2.405 | E16: =D16+E15 -> 0.095 | F16: =IF(E16>=Parámetros!C18,"V","F") -> V
A17: Zarate
A18: VOA (Line In) | D18: =-(E16+Parámetros!H18) -> -18.895 | E18: =E16+D18 -> -18.8 | F18: =Parámetros!C22 -> -18.02
A19: Preamplificador | D19: =Parámetros!C20 -> 21 | E19: =D19+E18 -> 2.2 | G19: =Parámetros!C23 -> 5.5 | H19: =E18+158.9-10*LOG10(Parámetros!C13*10^9)-G19 -> 33.6309 | I19: =10^(H19/10) -> 2307.2252 | J19: =10*LOG10(K19) -> 27.16508 | K19: =1/(1/I19+1/K14) -> 520.60456 | L19: - | M19: - | N19: - | O19: - | P19: - | Q19: =10*LOG10(HARMEAN(K19,P14)/2) -> 27.012069
A20: WSS+ (ROADM 1) | D20: =-Parámetros!C16 -> -10 | E20: =D20+E19 -> -7.8
A21: WSS+ (ROADM 2) | D21: =-Parámetros!C16 -> -10 | E21: =D21+E20 -> -17.8 | F21: =Parámetros!C29 -> -17.52
A22: Amplificador Booster | D22: =Parámetros!C27 -> 21.5 | E22: =D22+E21 -> 3.7 | G22: =Parámetros!C30 -> 6 | H22: =E21+158.9-10*LOG10(Parámetros!C13*10^9)-G22 -> 34.1309 | I22: =10^(H22/10) -> 2588.7493 | J22: =10*LOG10(K22) -> 26.369278 | K22: =1/(1/I22+1/K19) -> 433.43883 | L22: =(2/3)^3*Parámetros!C56*(Parámetros!C57)^2*'No linealidades'!D5*(10^(E23/10)*0.001)^2*LOG10(PI()^2*ABS(Parámetros!C58*10^(-24))*'No linealidades'!D5*(Parámetros!C59)^2*Parámetros!C60^2)/(PI()*ABS(Parámetros!C58*10^(-24))*Parámetros!C60^3)*Parámetros!C13*10^9 -> 4.7664792e-05 | M22: =10*LOG10(N22) -> 43.218023 | N22: =1/L22 -> 20979.846 | O22: =10*LOG10(P22) -> 39.335011 | P22: =HARMEAN(N6,N14,N22)/3 -> 8580.2719 | Q22: =10*LOG10(HARMEAN(K22,P22)/2) -> 26.155252
A23: VOA (Booster) | D23: =-(E22-Parámetros!I30) -> -1.2 | E23: =D23+E22 -> 2.5
A24: Fibra | B24: 67 | C24: =Parámetros!C41 -> 0.185 | D24: =-B24*C24 -> -12.395 | E24: =D24+E23 -> -9.895 | F24: =IF(E24>=Parámetros!C18,"V","F") -> V
A25: Baradero
A26: VOA (Line In) | D26: =-(E24+Parámetros!H18) -> -8.905 | E26: =E24+D26 -> -18.8 | F26: =Parámetros!C22 -> -18.02
A27: Preamplificador | D27: =Parámetros!C20 -> 21 | E27: =D27+E26 -> 2.2 | G27: =Parámetros!C23 -> 5.5 | H27: =E26+158.9-10*LOG10(Parámetros!C13*10^9)-G27 -> 33.6309 | I27: =10^(H27/10) -> 2307.2252 | J27: =10*LOG10(K27) -> 25.62162 | K27: =1/(1/I27+1/K22) -> 364.89003 | L27: - | M27: - | N27: - | O27: - | P27: - | Q27: =10*LOG10(HARMEAN(K27,P22)/2) -> 25.440748
A28: WSS+ (ROADM 1) | D28: =-Parámetros!C16 -> -10 | E28: =D28+E27 -> -7.8
A29: WSS+ (ROADM 2) | D29: =-Parámetros!C16 -> -10 | E29: =D29+E28 -> -17.8 | F29: =Parámetros!C29 -> -17.52
A30: Amplificador Booster | D30: =Parámetros!C27 -> 21.5 | E30: =D30+E29 -> 3.7 | G30: =Parámetros!C30 -> 6 | H30: =E29+158.9-10*LOG10(Parámetros!C13*10^9)-G30 -> 34.1309 | I30: =10^(H30/10) -> 2588.7493 | J30: =10*LOG10(K30) -> 25.048945 | K30: =1/(1/I30+1/K27) -> 319.81183 | L30: =(2/3)^3*Parámetros!C56*(Parámetros!C57)^2*'No linealidades'!D6*(10^(E31/10)*0.001)^2*LOG10(PI()^2*ABS(Parámetros!C58*10^(-24))*'No linealidades'!D6*(Parámetros!C59)^2*Parámetros!C60^2)/(PI()*ABS(Parámetros!C58*10^(-24))*Parámetros!C60^3)*Parámetros!C13*10^9 -> 3.7916598e-05 | M30: =10*LOG10(N30) -> 44.211706 | N30: =1/L30 -> 26373.674 | O30: =10*LOG10(P30) -> 38.111755 | P30: =HARMEAN(N6,N14,N22,N30)/4 -> 6474.0415 | Q30: =10*LOG10(HARMEAN(K30,P30)/2) -> 24.839538
A31: VOA (Booster) | D31: =-(E30-Parámetros!I30) -> -1.2 | E31: =D31+E30 -> 2.5
A32: Fibra | B32: 34 | C32: =Parámetros!C41 -> 0.185 | D32: =-B32*C32 -> -6.29 | E32: =D32+E31 -> -3.79 | F32: =IF(E32>=Parámetros!C18,"V","F") -> V
A33: San Pedro BsAs (Regeneracion)
A34: VOA (Line In) | D34: =-(E32+Parámetros!H18) -> -15.01 | E34: =D34+E32 -> -18.8 | F34: =Parámetros!C22 -> -18.02
A35: Preamplificador | D35: =Parámetros!C20 -> 21 | E35: =D35+E34 -> 2.2 | G35: =Parámetros!C23 -> 5.5 | H35: =E34+158.9-10*LOG10(Parámetros!C13*10^9)-G35 -> 33.6309 | I35: =10^(H35/10) -> 2307.2252 | J35: =10*LOG10(K35) -> 24.485183 | K35: =1/(1/I35+1/K30) -> 280.87839 | L35: - | M35: - | N35: - | O35: - | P35: - | Q35: =10*LOG10(HARMEAN(K35,P30)/2) -> 24.300736
A36: DEMUX+ | D36: =-Parámetros!C16 -> -10 | E36: =D36+E35 -> -7.8
A37: Transceiver (Rx) | E37: =E36 -> -7.8
A38: Transceiver (Tx) | E38: =Parámetros!C5 -> -9 | H38: =Parámetros!C9 -> 38 | I38: =10^(H38/10) -> 6309.5734 | J38: =H38 -> 38 | K38: =10^(J38/10) -> 6309.5734 | L38: - | M38: - | N38: - | O38: - | P38: -
A39: MUX+ | D39: =-Parámetros!C16 -> -10 | E39: =D39+E38 -> -19 | F39: =Parámetros!C29 -> -17.52
A40: Amplificador Booster | D40: =Parámetros!C27 -> 21.5 | E40: =D40+E39 -> 2.5 | G40: =Parámetros!C30 -> 6 | H40: =E39+158.9-10*LOG10(Parámetros!C13*10^9)-G40 -> 32.9309 | I40: =10^(H40/10) -> 1963.7671 | J40: =10*LOG10(K40) -> 31.754091 | K40: =1/((1/K38)+(1/I40)) -> 1497.6457 | L40: =(2/3)^3*Parámetros!C56*(Parámetros!C57)^2*'No linealidades'!D7*(10^(E41/10)*0.001)^2*LOG10(PI()^2*ABS(Parámetros!C58*10^(-24))*'No linealidades'!D7*(Parámetros!C59)^2*Parámetros!C60^2)/(PI()*ABS(Parámetros!C58*10^(-24))*Parámetros!C60^3)*Parámetros!C13*10^9 -> 4.8683036e-05 | M40: =10*LOG10(N40) -> 43.126223 | N40: =1/L40 -> 20541.036 | O40: =10*LOG10(P40) -> 43.126223 | P40: =N40 -> 20541.036 | Q40: =10*LOG10(HARMEAN(K40,P40)/2) -> 31.448458
A41: VOA (Booster) | D41: 0 | E41: =E40 -> 2.5
A42: Fibra | B42: 76 | C42: =Parámetros!C41 -> 0.185 | D42: =-B42*C42 -> -14.06 | E42: =D42+E41 -> -11.56 | F42: =IF(E42>=Parámetros!C18,"V","F") -> V
A43: San Nicolas de los Arroyos
A44: VOA (Line In) | D44: =-(E42+Parámetros!H18) -> -7.24 | E44: =E42+D44 -> -18.8 | F44: =Parámetros!C22 -> -18.02
A45: Preamplificador | D45: =Parámetros!C20 -> 21 | E45: =D45+E44 -> 2.2 | G45: =Parámetros!C23 -> 5.5 | H45: =E44+158.9-10*LOG10(Parámetros!C13*10^9)-G45 -> 33.6309 | I45: =10^(H45/10) -> 2307.2252 | J45: =10*LOG10(K45) -> 29.581591 | K45: =1/(1/I45+1/K40) -> 908.15326 | L45: - | M45: - | N45: - | O45: - | P45: - | Q45: =10*LOG10(HARMEAN(K45,P40)/2) -> 29.393706
A46: WSS+ (ROADM 1) | D46: =-Parámetros!C16 -> -10 | E46: =D46+E45 -> -7.8
A47: WSS+ (ROADM 2) | D47: =-Parámetros!C16 -> -10 | E47: =D47+E46 -> -17.8 | F47: =Parámetros!C29 -> -17.52
A48: Amplificador Booster | D48: =Parámetros!C27 -> 21.5 | E48: =D48+E47 -> 3.7 | G48: =Parámetros!C30 -> 6 | H48: =E47+158.9-10*LOG10(Parámetros!C13*10^9)-G48 -> 34.1309 | I48: =10^(H48/10) -> 2588.7493 | J48: =10*LOG10(K48) -> 28.275656 | K48: =1/(1/I48+1/K45) -> 672.30386 | L48: =(2/3)^3*Parámetros!C56*(Parámetros!C57)^2*'No linealidades'!D8*(10^(E49/10)*0.001)^2*LOG10(PI()^2*ABS(Parámetros!C58*10^(-24))*'No linealidades'!D8*(Parámetros!C59)^2*Parámetros!C60^2)/(PI()*ABS(Parámetros!C58*10^(-24))*Parámetros!C60^3)*Parámetros!C13*10^9 -> 4.9101597e-05 | M48: =10*LOG10(N48) -> 43.089044 | N48: =1/L48 -> 20365.936 | O48: =10*LOG10(P48) -> 40.097294 | P48: =HARMEAN(N40,N48)/2 -> 10226.556 | Q48: =10*LOG10(HARMEAN(K48,P48)/2) -> 27.999139
A49: VOA (Booster) | D49: =-(E48-Parámetros!I30) -> -1.2 | E49: =D49+E48 -> 2.5
A50: Fibra | B50: 81 | C50: =Parámetros!C41 -> 0.185 | D50: =-B50*C50 -> -14.985 | E50: =D50+E49 -> -12.485 | F50: =IF(E50>=Parámetros!C18,"V","F") -> V
A51: Rosario
A52: VOA (Line In) | D52: =-(E50+Parámetros!H18) -> -6.315 | E52: =E50+D52 -> -18.8 | F52: =Parámetros!C22 -> -18.02
A53: Preamplificador | D53: =Parámetros!C20 -> 21 | E53: =D53+E52 -> 2.2 | G53: =Parámetros!C23 -> 5.5 | H53: =E52+158.9-10*LOG10(Parámetros!C13*10^9)-G53 -> 33.6309 | I53: =10^(H53/10) -> 2307.2252 | J53: =10*LOG10(K53) -> 27.16508 | K53: =1/(1/I53+1/K48) -> 520.60456 | L53: - | M53: - | N53: - | O53: - | P53: - | Q53: =10*LOG10(HARMEAN(K53,P48)/2) -> 26.949436
A54: DEMUX+ | D54: =-Parámetros!C16 -> -10 | E54: =D54+E53 -> -7.8
A55: Transceiver | E55: =E54 -> -7.8 | F55: =IF(E55>=Parámetros!C7,"V","F") -> V
F56: TOTAL | J56: =J53 -> 27.16508 | K56: =K53 -> 520.60456 | O56: =O48 -> 40.097294 | P56: =P48 -> 10226.556 | Q56: =10*LOG10(HARMEAN(K56,P56)/2) -> 26.949436 | R56: FUNCIONA
F57: Requerido para 400 Gbps | J57: =Parámetros!C10 -> 23.5 | K57: =10^(J57/10) -> 223.87211 | Q57: =Parámetros!C12 -> 23.5
A59: Longitud de onda | B59: Coeficiente DC (ps/(nm.km) | C59: Coeficiente DCF (ps/(nm.km) | D59: Compensacion Transceiver ps/nm | H59: Longitud de onda | I59: Coeficiente DC (ps/(nm.km)
A60: 1550 nm | B60: 18 | C60: -17 | D60: 12000 | H60: 1534.8 nm - 195,4 THz | I60: 17.09
A61: Tramo | B61: Distancia (km) | C61: Dispersión tramo (ps/nm) | D61: Dispersión acumulada (ps/nm) | G61: Distancia (km) | H61: Dispersión tramo (ps/nm) | I61: Dispersión acumulada (ps/nm)
A62: Benavidez-Campana | B62: 80 | C62: =B62*B$60 -> 1440 | D62: =C62 -> 1440 | G62: 80 | H62: =G62*I$60 -> 1367.2 | I62: =H62 -> 1367.2
A63: Campana-Zarate | B63: 13 | C63: =B63*B$60 -> 234 | D63: =C63+D62 -> 1674 | G63: 13 | H63: =G63*I$60 -> 222.17 | I63: =H63+I62 -> 1589.37
A64: Zarate-Baradero | B64: 67 | C64: =B64*B$60 -> 1206 | D64: =C64+D63 -> 2880 | G64: 67 | H64: =G64*I$60 -> 1145.03 | I64: =H64+I63 -> 2734.4
A65: Baradero-San Pedro BsAs | B65: 34 | C65: =B65*B$60 -> 612 | D65: =C65+D64 -> 3492 | G65: 34 | H65: =G65*I$60 -> 581.06 | I65: =H65+I64 -> 3315.46
A66: San Pedro BsAs-San Nicolas de los Arroyos | B66: 76 | C66: =B66*B$60 -> 1368 | D66: =C66 -> 1368 | G66: 76 | H66: =G66*I$60 -> 1298.84 | I66: =H66 -> 1298.84
A67: San Nicolas de los Arroyos-Rosario | B67: 81 | C67: =B67*B$60 -> 1458 | D67: =C67+D66 -> 2826 | G67: 81 | H67: =G67*I$60 -> 1384.29 | I67: =H67+I66 -> 2683.13
H70: Longitud de onda | I70: Coeficiente DC (ps/(nm.km)
A71: Cálculo PMD | B71: =Parámetros!C43 -> 0.1 | C71: Coeficiente PMD | H71: 1565 nm - 191.7 THz | I71: 18.85
A72: Tramo | B72: Distancia (km) | C72: Dispersión (ps) | G72: Distancia (km) | H72: Dispersión tramo (ps/nm) | I72: Dispersión acumulada (ps/nm)
A73: Benavidez-Campana | B73: 80 | C73: =B$71*SQRT(B73) -> 0.89442719 | G73: 80 | H73: =G73*I$71 -> 1508 | I73: =H73 -> 1508
A74: Campana-Zarate | B74: 13 | C74: =B$71*SQRT(B74) -> 0.36055513 | G74: 13 | H74: =G74*I$71 -> 245.05 | I74: =H74+I73 -> 1753.05
A75: Zarate-Baradero | B75: 67 | C75: =B$71*SQRT(B75) -> 0.81853528 | D75: TOTAL Pre REG | G75: 67 | H75: =G75*I$71 -> 1262.95 | I75: =H75+I74 -> 3016
A76: Baradero-San Pedro BsAs | B76: 34 | C76: =B$71*SQRT(B76) -> 0.58309519 | D76: =SUM(C73:C76) -> 2.6566128 | G76: 34 | H76: =G76*I$71 -> 640.9 | I76: =H76+I75 -> 3656.9
A77: San Pedro BsAs-San Nicolas de los Arroyos | B77: 76 | C77: =B$71*SQRT(B77) -> 0.87177979 | G77: 76 | H77: =G77*I$71 -> 1432.6 | I77: =H77 -> 1432.6
A78: San Nicolas de los Arroyos-Rosario | B78: 81 | C78: =B$71*SQRT(B78) -> 0.9 | G78: 81 | H78: =G78*I$71 -> 1526.85 | I78: =H78+I77 -> 2959.45
A79: PMD Total | C79: =SUM(C77:C78) -> 1.7717798
B80: El transceiver aguanta 10 [ps]

Sheet No linealidades
A1: No Linealidades (COMPROMETIDO)
A2: Tramo | B2: Distancia (km) | C2: Potencia de entrada a la fibra (dBm) | D2: Longitud Efectiva (km) | E2: Longitud No Lineal (km)
A3: Benavidez-Campana | B3: 80 | C3: ='Enlace Comprometido'!E7 -> 2.5 | D3: =(1-EXP(-$H$3*B3))/$H$3 -> 22.698035 | E3: =(1.55*Parámetros!$C$46)/(2*PI()*Parámetros!$C$47*10^(C3/10)*0.001)*10^-9 -> 655.0859 | G3: α (dB/km) | H3: =Parámetros!$C$41*LN(10)/10 -> 0.042597824
A4: Campana-Zarate | B4: 13 | C4: ='Enlace Comprometido'!E15 -> 2.5 | D4: =(1-EXP(-$H$3*B4))/$H$3 -> 9.9822512 | E4: =(1.55*Parámetros!$C$46)/(2*PI()*Parámetros!$C$47*10^(C4/10)*0.001)*10^-9 -> 655.0859
A5: Zarate-Baradero | B5: 67 | C5: ='Enlace Comprometido'!E23 -> 2.5 | D5: =(1-EXP(-$H$3*B5))/$H$3 -> 22.122954 | E5: =(1.55*Parámetros!$C$46)/(2*PI()*Parámetros!$C$47*10^(C5/10)*0.001)*10^-9 -> 655.0859
A6: Baradero-San Pedro BsAs | B6: 34 | C6: ='Enlace Comprometido'!E31 -> 2.5 | D6: =(1-EXP(-$H$3*B6))/$H$3 -> 17.959526 | E6: =(1.55*Parámetros!$C$46)/(2*PI()*Parámetros!$C$47*10^(C6/10)*0.001)*10^-9 -> 655.0859
A7: San Pedro BsAs-San Nicolas | B7: 76 | C7: ='Enlace Comprometido'!E39 -> 2.5 | D7: =(1-EXP(-$H$3*B7))/$H$3 -> 22.553629 | E7: =(1.55*Parámetros!$C$46)/(2*PI()*Parámetros!$C$47*10^(C7/10)*0.001)*10^-9 -> 655.0859
A8: San Nicolas-Rosario | B8: 81 | C8: ='Enlace Comprometido'!E47 -> 2.5 | D8: =(1-EXP(-$H$3*B8))/$H$3 -> 22.730452 | E8: =(1.55*Parámetros!$C$46)/(2*PI()*Parámetros!$C$47*10^(C8/10)*0.001)*10^-9 -> 655.0859
A9: TOTAL | B9: =SUM(B3:B8) -> 351
A11: No Linealidades (LARGO)
A12: Tramo | B12: Distancia (km) | C12: Potencia de entrada a la fibra (dBm) | D12: Longitud Efectiva (km) | E12: Longitud No Lineal (km)
A13: DinaHuapi-Comallo | B13: 107 | C13: ='Enlace Largo 100Gbps'!E7 -> 2.5 | D13: =(1-EXP(-$H$3*B13))/$H$3 -> 23.229277 | E13: =(1.55*Parámetros!$C$46)/(2*PI()*Parámetros!$C$47*10^(C13/10)*0.001)*10^-9 -> 655.0859
A14: Comallo-IngJacobacci | B14: 95 | C14: ='Enlace Largo 100Gbps'!E11 -> 5.48 | D14: =(1-EXP(-$H$3*B14))/$H$3 -> 23.065067 | E14: =(1.55*Parámetros!$C$46)/(2*PI()*Parámetros!$C$47*10^(C14/10)*0.001)*10^-9 -> 329.83615
A15: IngJacobacci-Maquinchao | B15: 77 | C15: ='Enlace Largo 100Gbps'!E15 -> 5.48 | D15: =(1-EXP(-$H$3*B15))/$H$3 -> 22.592069 | E15: =(1.55*Parámetros!$C$46)/(2*PI()*Parámetros!$C$47*10^(C15/10)*0.001)*10^-9 -> 329.83615
A16: Maquinchao-LosMenucos | B16: 74 | C16: ='Enlace Largo 100Gbps'!E19 -> 5.48 | D16: =(1-EXP(-$H$3*B16))/$H$3 -> 22.471657 | E16: =(1.55*Parámetros!$C$46)/(2*PI()*Parámetros!$C$47*10^(C16/10)*0.001)*10^-9 -> 329.83615
A17: LosMenucos-MinistroRamosMexia | B17: 96 | C17: ='Enlace Largo 100Gbps'!E23 -> 5.48 | D17: =(1-EXP(-$H$3*B17))/$H$3 -> 23.082178 | E17: =(1.55*Parámetros!$C$46)/(2*PI()*Parámetros!$C$47*10^(C17/10)*0.001)*10^-9 -> 329.83615
A18: MinistroRamosMexia-NahuelNiyeu | B18: 64 | C18: ='Enlace Largo 100Gbps'!E27 -> 5.48 | D18: =(1-EXP(-$H$3*B18))/$H$3 -> 21.938594 | E18: =(1.55*Parámetros!$C$46)/(2*PI()*Parámetros!$C$47*10^(C18/10)*0.001)*10^-9 -> 329.83615
A19: NahuelNiyeu-AguadaCecilio | B19: 79 | C19: ='Enlace Largo 100Gbps'!E31 -> 5.48 | D19: =(1-EXP(-$H$3*B19))/$H$3 -> 22.664206 | E19: =(1.55*Parámetros!$C$46)/(2*PI()*Parámetros!$C$47*10^(C19/10)*0.001)*10^-9 -> 329.83615
A20: TOTAL | B20: =SUM(B13:B19) -> 592

Sheet Enlace Largo 100Gbps
A1: Dina Huapi - Aguada Cecilio | D1: calculos normalizados a 0,1 nm
A2: Presupuesto de Potencia | B2: Distancia (km) | C2: Atenuación por km | D2: Amplificación/Atenuación (dB) | E2: Potencia acumulada (dBm) | F2: 100 Gbps / Limite | G2: NF (dB) | H2: OSNR canal (dB) | I2: OSNR canal (veces) | J2: OSNR acumulada (dB) | K2: OSNR acumulada (veces) | L2: 1/GSNR NL | M2: GSNR NL (dB) | N2: GSNR NL (veces) | O2: GSNR NL acumulada (dB) | P2: GSNR NL acumulada (veces) | Q2: GSNR Total (dB)
A3: Dina Huapi | F3: 100
A4: Transceiver | E4: =Parámetros!C65 -> -9 | H4: =Parámetros!C9 -> 38 | I4: =10^(H4/10) -> 6309.5734 | J4: =H4 -> 38 | K4: =I4 -> 6309.5734 | L4: - | M4: - | N4: - | O4: - | P4: -
A5: MUX+ | D5: =-Parámetros!C16 -> -10 | E5: =D5+E4 -> -19 | F5: =Parámetros!C$29 -> -17.52
A6: Amplificador Booster | D6: =Parámetros!C27 -> 21.5 | E6: =D6+E5 -> 2.5 | G6: =Parámetros!C30 -> 6 | H6: =E5+158.9-10*LOG10(Parámetros!C13*10^9)-G6 -> 32.9309 | I6: =10^(H6/10) -> 1963.7671 | J6: =10*LOG10(K6) -> 31.754091 | K6: =1/((1/K4)+(1/I6)) -> 1497.6457 | L6: =(2/3)^3*Parámetros!C56*(Parámetros!C57)^2*'No linealidades'!D13*(10^(E7/10)*0.001)^2*LOG10(PI()^2*ABS(Parámetros!C58*10^(-24))*'No linealidades'!D13*(Parámetros!C59)^2*Parámetros!C74^2)/(PI()*ABS(Parámetros!C58*10^(-24))*Parámetros!C74^3)*Parámetros!C73*10^9 -> 0.00034721887 | M6: =10*LOG10(N6) -> 34.593967 | N6: =1/L6 -> 2880.0278 | O6: =M6 -> 34.593967 | P6: =N6 -> 2880.0278 | Q6: =10*LOG10(HARMEAN(K6,P6)/2) -> 29.935624
A7: VOA (BOOSTER) | D7: 0 | E7: =E6 -> 2.5
A8: Fibra | B8: 107 | C8: =Parámetros!C41 -> 0.185 | D8: =-B8*C8 -> -19.795 | E8: =D8+E7 -> -17.295 | F8: =IF(E8>=Parámetros!C$33,"V","F") -> V
A9: Comallo
A10: VOA (ILA) | D10: =-(E8-Parámetros!C$37) -> -2.225 | E10: =E8+D10 -> -19.52 | F10: =Parámetros!C$37 -> -19.52
A11: Amplificador (Comallo) | D11: =Parámetros!C$35 -> 25 | E11: =E10+D11 -> 5.48 | G11: =Parámetros!C$38 -> 5.5 | H11: =E10+158.9-10*LOG10(Parámetros!C$13*10^9)-G11 -> 32.9109 | I11: =10^(H11/10) -> 1954.7444 | J11: =10*LOG10(K11) -> 29.283792 | K11: =1/((1/K6)+(1/I11)) -> 847.96749 | L11: =(2/3)^3*Parámetros!C56*(Parámetros!C57)^2*'No linealidades'!D14*(10^(E11/10)*0.001)^2*LOG10(PI()^2*ABS(Parámetros!C58*10^(-24))*'No linealidades'!D14*(Parámetros!C59)^2*Parámetros!C74^2)/(PI()*ABS(Parámetros!C58*10^(-24))*Parámetros!C74^3)*Parámetros!C73*10^9 -> 0.0013588805 | M11: =10*LOG10(N11) -> 28.668187 | N11: =1/L11 -> 735.89989 | O11: =10*LOG10(P11) -> 27.679957 | P11: =HARMEAN(N11,N6)/2 -> 586.13233 | Q11: =10*LOG10(HARMEAN(K11,P11)/2) -> 25.397955
A12: Fibra | B12: 95 | C12: =Parámetros!C41 -> 0.185 | D12: =-B12*C12 -> -17.575 | E12: =D12+E11 -> -12.095 | F12: =IF(E12>=Parámetros!C$33,"V","F") -> V
A13: Ing. Jacobacci
A14: VOA (ILA) | D14: =-(E12-Parámetros!C$37) -> -7.425 | E14: =D14+E12 -> -19.52 | F14: =Parámetros!C$37 -> -19.52
A15: Amplificador (Ing. Jacobacci) | D15: =Parámetros!C$35 -> 25 | E15: =D15+E14 -> 5.48 | G15: =Parámetros!C$38 -> 5.5 | H15: =E14+158.9-10*LOG10(Parámetros!C$13*10^9)-G15 -> 32.9109 | I15: =10^(H15/10) -> 1954.7444 | J15: =10*LOG10(K15) -> 27.718907 | K15: =1/((1/K11)+(1/I15)) -> 591.41281 | L15: =(2/3)^3*Parámetros!C56*(Parámetros!C57)^2*'No linealidades'!D15*(10^(E15/10)*0.001)^2*LOG10(PI()^2*ABS(Parámetros!C58*10^(-24))*'No linealidades'!D15*(Parámetros!C59)^2*Parámetros!C74^2)/(PI()*ABS(Parámetros!C58*10^(-24))*Parámetros!C74^3)*Parámetros!C73*10^9 -> 0.0013279594 | M15: =10*LOG10(N15) -> 28.768152 | N15: =1/L15 -> 753.03509 | O15: =10*LOG10(P15) -> 25.17976 | P15: =HARMEAN(N11,N6,N15)/3 -> 329.59151 | Q15: =10*LOG10(HARMEAN(K15,P15)/2) -> 23.256051
A16: Fibra | B16: 77 | C16: =Parámetros!C41 -> 0.185 | D16: =-B16*C16 -> -14.245 | E16: =D16+E15 -> -8.765 | F16: =IF(E16>=Parámetros!C$33,"V","F") -> V
A17: Maquinchao
A18: VOA (ILA) | D18: =-(E16-Parámetros!C$37) -> -10.755 | E18: =D18+E16 -> -19.52 | F18: =Parámetros!C$37 -> -19.52
A19: Amplificador (Maquinchao) | D19: =Parámetros!C$35 -> 25 | E19: =D19+E18 -> 5.48 | G19: =Parámetros!C$38 -> 5.5 | H19: =E18+158.9-10*LOG10(Parámetros!C$13*10^9)-G19 -> 32.9109 | I19: =10^(H19/10) -> 1954.7444 | J19: =10*LOG10(K19) -> 26.570955 | K19: =1/((1/K15)+(1/I19)) -> 454.04144 | L19: =(2/3)^3*Parámetros!C56*(Parámetros!C57)^2*'No linealidades'!D16*(10^(E19/10)*0.001)^2*LOG10(PI()^2*ABS(Parámetros!C58*10^(-24))*'No linealidades'!D16*(Parámetros!C59)^2*Parámetros!C74^2)/(PI()*ABS(Parámetros!C58*10^(-24))*Parámetros!C74^3)*Parámetros!C73*10^9 -> 0.001320098 | M19: =10*LOG10(N19) -> 28.793938 | N19: =1/L19 -> 757.5195 | O19: =10*LOG10(P19) -> 23.610959 | P19: =HARMEAN(N11,N6,N15,N19)/4 -> 229.66559 | Q19: =10*LOG10(HARMEAN(K19,P19)/2) -> 21.833214
A20: Fibra | B20: 74 | C20: =Parámetros!C41 -> 0.185 | D20: =-B20*C20 -> -13.69 | E20: =D20+E19 -> -8.21 | F20: =IF(E20>=Parámetros!C$33,"V","F") -> V
A21: Los Menucos
A22: VOA (ILA) | D22: =-(E20-Parámetros!C$37) -> -11.31 | E22: =D22+E20 -> -19.52 | F22: =Parámetros!C$37 -> -19.52
A23: Amplificador (Los Menucos) | D23: =Parámetros!C$35 -> 25 | E23: =D23+E22 -> 5.48 | G23: =Parámetros!C$38 -> 5.5 | H23: =E22+158.9-10*LOG10(Parámetros!C$13*10^9)-G23 -> 32.9109 | I23: =10^(H23/10) -> 1954.7444 | J23: =10*LOG10(K23) -> 25.663873 | K23: =1/((1/K19)+(1/I23)) -> 368.4574 | L23: =(2/3)^3*Parámetros!C56*(Parámetros!C57)^2*'No linealidades'!D17*(10^(E23/10)*0.001)^2*LOG10(PI()^2*ABS(Parámetros!C58*10^(-24))*'No linealidades'!D17*(Parámetros!C59)^2*Parámetros!C74^2)/(PI()*ABS(Parámetros!C58*10^(-24))*Parámetros!C74^3)*Parámetros!C73*10^9 -> 0.0013600003 | M23: =10*LOG10(N23) -> 28.66461 | N23: =1/L23 -> 735.29396 | O23: =10*LOG10(P23) -> 22.430478 | P23: =HARMEAN(N11,N6,N15,N19,N23)/5 -> 175.00394 | Q23: =10*LOG10(HARMEAN(K23,P23)/2) -> 20.742665
A24: Fibra | B24: 96 | C24: =Parámetros!C41 -> 0.185 | D24: =-B24*C24 -> -17.76 | E24: =D24+E23 -> -12.28 | F24: =IF(E24>=Parámetros!C$33,"V","F") -> V
A25: Ministro Ramos Mexía
A26: VOA (ILA) | D26: =-(E24-Parámetros!C$37) -> -7.24 | E26: =D26+E24 -> -19.52 | F26: =Parámetros!C$37 -> -19.52
A27: Amplificador (Ministro Ramos Mexía) | D27: =Parámetros!C$35 -> 25 | E27: =D27+E26 -> 5.48 | G27: =Parámetros!C$38 -> 5.5 | H27: =E26+158.9-10*LOG10(Parámetros!C$13*10^9)-G27 -> 32.9109 | I27: =10^(H27/10) -> 1954.7444 | J27: =10*LOG10(K27) -> 24.913903 | K27: =1/((1/K23)+(1/I27)) -> 310.02044 | L27: =(2/3)^3*Parámetros!C56*(Parámetros!C57)^2*'No linealidades'!D18*(10^(E27/10)*0.001)^2*LOG10(PI()^2*ABS(Parámetros!C58*10^(-24))*'No linealidades'!D18*(Parámetros!C59)^2*Parámetros!C74^2)/(PI()*ABS(Parámetros!C58*10^(-24))*Parámetros!C74^3)*Parámetros!C73*10^9 -> 0.0012853467 | M27: =10*LOG10(N27) -> 28.909797 | N27: =1/L27 -> 778.00024 | O27: =10*LOG10(P27) -> 21.549328 | P27: =HARMEAN(N11,N6,N15,N19,N23,N27)/6 -> 142.86727 | Q27: =10*LOG10(HARMEAN(K27,P27)/2) -> 19.903325
A28: Fibra | B28: 64 | C28: =Parámetros!C41 -> 0.185 | D28: =-B28*C28 -> -11.84 | E28: =D28+E27 -> -6.36 | F28: =IF(E28>=Parámetros!C$33,"V","F") -> V
A29: Nahuel Niyeu
A30: VOA (ILA) | D30: =-(E28-Parámetros!C$37) -> -13.16 | E30: =D30+E28 -> -19.52 | F30: =Parámetros!C$37 -> -19.52
A31: Amplificador (Nahuel Niyeu) | D31: =Parámetros!C$35 -> 25 | E31: =D31+E30 -> 5.48 | G31: =Parámetros!C$38 -> 5.5 | H31: =E30+158.9-10*LOG10(Parámetros!C$13*10^9)-G31 -> 32.9109 | I31: =10^(H31/10) -> 1954.7444 | J31: =10*LOG10(K31) -> 24.274572 | K31: =1/((1/K27)+(1/I31)) -> 267.58218 | L31: =(2/3)^3*Parámetros!C56*(Parámetros!C57)^2*'No linealidades'!D19*(10^(E31/10)*0.001)^2*LOG10(PI()^2*ABS(Parámetros!C58*10^(-24))*'No linealidades'!D19*(Parámetros!C59)^2*Parámetros!C74^2)/(PI()*ABS(Parámetros!C58*10^(-24))*Parámetros!C74^3)*Parámetros!C73*10^9 -> 0.001332671 | M31: =10*LOG10(N31) -> 28.75277 | N31: =1/L31 -> 750.37273 | O31: =10*LOG10(P31) -> 20.792416 | P31: =HARMEAN(N11,N6,N15,N19,N23,N27,N31)/7 -> 120.01669 | Q31: =10*LOG10(HARMEAN(K31,P31)/2) -> 19.183163
A32: Fibra | B32: 79 | C32: =Parámetros!C41 -> 0.185 | D32: =-B32*C32 -> -14.615 | E32: =D32+E31 -> -9.135 | F32: =IF(E32>=Parámetros!C$33,"V","F") -> V
A33: Aguada Cecilio
A34: VOA (Line In) | D34: =-(E32+Parámetros!H18) -> -9.665 | E34: =D34+E32 -> -18.8 | F34: =Parámetros!C22 -> -18.02
A35: Preamplificador | D35: =Parámetros!C20 -> 21 | E35: =D35+E34 -> 2.2 | G35: =Parámetros!C23 -> 5.5 | H35: =E34+158.9-10*LOG10(Parámetros!C$13*10^9)-G35 -> 33.6309 | I35: =10^(H35/10) -> 2307.2252 | J35: =10*LOG10(K35) -> 23.798024 | K35: =1/((1/K31)+(1/I35)) -> 239.77419 | L35: - | M35: - | N35: - | O35: - | P35: - | Q35: =10*LOG10(HARMEAN(K35,P31)/2) -> 19.029939
A36: DEMUX+ | D36: =-Parámetros!C16 -> -10 | E36: =D36+E35 -> -7.8
A37: Transceiver | E37: =E36 -> -7.8 | F37: =IF(E37>=Parámetros!C67,"V","F") -> V
F38: TOTAL | J38: =J35 -> 23.798024 | K38: =K35 -> 239.77419 | O38: =O31 -> 20.792416 | P38: =P31 -> 120.01669 | Q38: =10*LOG10(HARMEAN(K38,P38)/2) -> 19.029939 | R38: FUNCIONA
F39: Requerido para 100 Gbps | J39: =Parámetros!C70 -> 11.8 | K39: =10^(J39/10) -> 15.135612 | Q39: =Parámetros!C70 -> 11.8
A41: Longitud de onda | B41: Coeficiente DC (ps/(nm.km) | C41: Coeficiente DCF (ps/(nm.km) | D41: Compensacion Transceiver ps/nm | H41: Longitud de onda | I41: Coeficiente DC (ps/(nm.km)
A42: 1550 nm | B42: 18 | C42: -17 | D42: 77000 | H42: 1534.8 nm - 195,4 THz | I42: 17.09
A43: Tramo | B43: Distancia (km) | C43: Dispersión tramo (ps/nm) | D43: Dispersión acumulada (ps/nm) | G43: Distancia (km) | H43: Dispersión tramo (ps/nm) | I43: Dispersión acumulada (ps/nm)
A44: DinaHuapi-Comallo | B44: 107 | C44: =B$42*B44 -> 1926 | D44: =C44 -> 1926 | G44: 107 | H44: =I$42*G44 -> 1828.63 | I44: =H44 -> 1828.63
A45: Comallo-IngJacobacci | B45: 95 | C45: =B$42*B45 -> 1710 | D45: =C45+D44 -> 3636 | G45: 95 | H45: =I$42*G45 -> 1623.55 | I45: =H45+I44 -> 3452.18
A46: IngJacobacci-Maquinchao | B46: 77 | C46: =B$42*B46 -> 1386 | D46: =C46+D45 -> 5022 | G46: 77 | H46: =I$42*G46 -> 1315.93 | I46: =H46+I45 -> 4768.11
A47: Maquinchao-LosMenucos | B47: 74 | C47: =B$42*B47 -> 1332 | D47: =C47+D46 -> 6354 | G47: 74 | H47: =I$42*G47 -> 1264.66 | I47: =H47+I46 -> 6032.77
A48: LosMenucos-MinistroRamosMexia | B48: 96 | C48: =B$42*B48 -> 1728 | D48: =C48+D47 -> 8082 | G48: 96 | H48: =I$42*G48 -> 1640.64 | I48: =H48+I47 -> 7673.41
A49: MinistroRamosMexia-NahuelNiyeu | B49: 64 | C49: =B$42*B49 -> 1152 | D49: =C49+D48 -> 9234 | G49: 64 | H49: =I$42*G49 -> 1093.76 | I49: =H49+I48 -> 8767.17
A50: NahuelNiyeu-AguadaCecilio | B50: 79 | C50: =B$42*B50 -> 1422 | D50: =C50+D49 -> 10656 | G50: 79 | H50: =I$42*G50 -> 1350.11 | I50: =H50+I49 -> 10117.28
H53: Longitud de onda | I53: Coeficiente DC (ps/(nm.km)
A54: Cálculo PMD | B54: =Parámetros!C43 -> 0.1 | C54: Coeficiente PMD | H54: 1565 nm - 191.7 THz | I54: 18.85
A55: Tramo | B55: Distancia (km) | C55: Dispersión (ps) | G55: Distancia (km) | H55: Dispersión tramo (ps/nm) | I55: Dispersión acumulada (ps/nm)
A56: DinaHuapi-Comallo | B56: 107 | C56: =B$54*SQRT(B56) -> 1.034408 | G56: 107 | H56: =I$54*G56 -> 2016.95 | I56: =H56 -> 2016.95
A57: Comallo-IngJacobacci | B57: 95 | C57: =B$54*SQRT(B57) -> 0.97467943 | G57: 95 | H57: =I$54*G57 -> 1790.75 | I57: =H57+I56 -> 3807.7
A58: IngJacobacci-Maquinchao | B58: 77 | C58: =B$54*SQRT(B58) -> 0.87749644 | G58: 77 | H58: =I$54*G58 -> 1451.45 | I58: =H58+I57 -> 5259.15
A59: Maquinchao-LosMenucos | B59: 74 | C59: =B$54*SQRT(B59) -> 0.86023253 | G59: 74 | H59: =I$54*G59 -> 1394.9 | I59: =H59+I58 -> 6654.05
A60: LosMenucos-MinistroRamosMexia | B60: 96 | C60: =B$54*SQRT(B60) -> 0.9797959 | G60: 96 | H60: =I$54*G60 -> 1809.6 | I60: =H60+I59 -> 8463.65
A61: MinistroRamosMexia-NahuelNiyeu | B61: 64 | C61: =B$54*SQRT(B61) -> 0.8 | G61: 64 | H61: =I$54*G61 -> 1206.4 | I61: =H61+I60 -> 9670.05
A62: NahuelNiyeu-AguadaCecilio | B62: 79 | C62: =B$54*SQRT(B62) -> 0.88881944 | G62: 79 | H62: =I$54*G62 -> 1489.15 | I62: =H62+I61 -> 11159.2
A63: PMD Total | C63: =SUM(C56:C62) -> 6.4154318
B64: El transceiver aguanta 30 [ps]

Sheet Enlace Largo 200Gbps
A1: Dina Huapi - Aguada Cecilio | D1: calculos normalizados a 0,1 nm
A2: Presupuesto de Potencia | B2: Distancia (km) | C2: Atenuación por km | D2: Amplificación/Atenuación (dB) | E2: Potencia acumulada (dBm) | F2: 200 Gbps / Limite | G2: NF (dB) | H2: OSNR canal (dB) | I2: OSNR canal (veces) | J2: OSNR acumulada (dB) | K2: OSNR acumulada (veces) | L2: 1/GSNR NL | M2: GSNR NL (dB) | N2: GSNR NL (veces) | O2: GSNR NL acumulada (dB) | P2: GSNR NL acumulada (veces) | Q2: GSNR Total (dB)
A3: Dina Huapi | F3: 200
A4: Transceiver | E4: =Parámetros!C78 -> -9 | H4: =Parámetros!C82 -> 38 | I4: =10^(H4/10) -> 6309.5734 | J4: =H4 -> 38 | K4: =I4 -> 6309.5734 | L4: - | M4: - | N4: - | O4: - | P4: -
A5: MUX+ | D5: =-Parámetros!C16 -> -10 | E5: =D5+E4 -> -19 | F5: =Parámetros!C$29 -> -17.52
A6: Amplificador Booster | D6: =Parámetros!C27 -> 21.5 | E6: =D6+E5 -> 2.5 | G6: =Parámetros!C30 -> 6 | H6: =E5+158.9-10*LOG10(Parámetros!C13*10^9)-G6 -> 32.9309 | I6: =10^(H6/10) -> 1963.7671 | J6: =10*LOG10(K6) -> 31.754091 | K6: =1/((1/K4)+(1/I6)) -> 1497.6457 | L6: =(2/3)^3*Parámetros!C56*(Parámetros!C57)^2*'No linealidades'!D13*(10^(E7/10)*0.001)^2*LOG10(PI()^2*ABS(Parámetros!C58*10^(-24))*'No linealidades'!D13*(Parámetros!C59)^2*Parámetros!C74^2)/(PI()*ABS(Parámetros!C58*10^(-24))*Parámetros!C74^3)*Parámetros!C73*10^9 -> 0.00034721887 | M6: =10*LOG10(N6) -> 34.593967 | N6: =1/L6 -> 2880.0278 | O6: =M6 -> 34.593967 | P6: =N6 -> 2880.0278 | Q6: =10*LOG10(HARMEAN(K6,P6)/2) -> 29.935624
A7: VOA (BOOSTER) | D7: 0 | E7: =E6 -> 2.5
A8: Fibra | B8: 107 | C8: =Parámetros!C41 -> 0.185 | D8: =-B8*C8 -> -19.795 | E8: =D8+E7 -> -17.295 | F8: =IF(E8>=Parámetros!C$33,"V","F") -> V
A9: Comallo
A10: VOA (ILA) | D10: =-(E8-Parámetros!C$37) -> -2.225 | E10: =E8+D10 -> -19.52 | F10: =Parámetros!C$37 -> -19.52
A11: Amplificador (Comallo) | D11: =Parámetros!C$35 -> 25 | E11: =E10+D11 -> 5.48 | G11: =Parámetros!C$38 -> 5.5 | H11: =E10+158.9-10*LOG10(Parámetros!C$13*10^9)-G11 -> 32.9109 | I11: =10^(H11/10) -> 1954.7444 | J11: =10*LOG10(K11) -> 29.283792 | K11: =1/((1/K6)+(1/I11)) -> 847.96749 | L11: =(2/3)^3*Parámetros!C56*(Parámetros!C57)^2*'No linealidades'!D14*(10^(E11/10)*0.001)^2*LOG10(PI()^2*ABS(Parámetros!C58*10^(-24))*'No linealidades'!D14*(Parámetros!C59)^2*Parámetros!C74^2)/(PI()*ABS(Parámetros!C58*10^(-24))*Parámetros!C74^3)*Parámetros!C73*10^9 -> 0.0013588805 | M11: =10*LOG10(N11) -> 28.668187 | N11: =1/L11 -> 735.89989 | O11: =10*LOG10(P11) -> 27.679957 | P11: =HARMEAN(N11,N6)/2 -> 586.13233 | Q11: =10*LOG10(HARMEAN(K11,P11)/2) -> 25.397955
A12: Fibra | B12: 95 | C12: =Parámetros!C41 -> 0.185 | D12: =-B12*C12 -> -17.575 | E12: =D12+E11 -> -12.095 | F12: =IF(E12>=Parámetros!C$33,"V","F") -> V
A13: Ing. Jacobacci
A14: VOA (ILA) | D14: =-(E12-Parámetros!C$37) -> -7.425 | E14: =D14+E12 -> -19.52 | F14: =Parámetros!C$37 -> -19.52
A15: Amplificador (Ing. Jacobacci) | D15: =Parámetros!C$35 -> 25 | E15: =D15+E14 -> 5.48 | G15: =Parámetros!C$38 -> 5.5 | H15: =E14+158.9-10*LOG10(Parámetros!C$13*10^9)-G15 -> 32.9109 | I15: =10^(H15/10) -> 1954.7444 | J15: =10*LOG10(K15) -> 27.718907 | K15: =1/((1/K11)+(1/I15)) -> 591.41281 | L15: =(2/3)^3*Parámetros!C56*(Parámetros!C57)^2*'No linealidades'!D15*(10^(E15/10)*0.001)^2*LOG10(PI()^2*ABS(Parámetros!C58*10^(-24))*'No linealidades'!D15*(Parámetros!C59)^2*Parámetros!C74^2)/(PI()*ABS(Parámetros!C58*10^(-24))*Parámetros!C74^3)*Parámetros!C73*10^9 -> 0.0013279594 | M15: =10*LOG10(N15) -> 28.768152 | N15: =1/L15 -> 753.03509 | O15: =10*LOG10(P15) -> 25.17976 | P15: =HARMEAN(N11,N6,N15)/3 -> 329.59151 | Q15: =10*LOG10(HARMEAN(K15,P15)/2) -> 23.256051
A16: Fibra | B16: 77 | C16: =Parámetros!C41 -> 0.185 | D16: =-B16*C16 -> -14.245 | E16: =D16+E15 -> -8.765 | F16: =IF(E16>=Parámetros!C$33,"V","F") -> V
A17: Maquinchao
A18: VOA (ILA) | D18: =-(E16-Parámetros!C$37) -> -10.755 | E18: =D18+E16 -> -19.52 | F18: =Parámetros!C$37 -> -19.52
A19: Amplificador (Maquinchao) | D19: =Parámetros!C$35 -> 25 | E19: =D19+E18 -> 5.48 | G19: =Parámetros!C$38 -> 5.5 | H19: =E18+158.9-10*LOG10(Parámetros!C$13*10^9)-G19 -> 32.9109 | I19: =10^(H19/10) -> 1954.7444 | J19: =10*LOG10(K19) -> 26.570955 | K19: =1/((1/K15)+(1/I19)) -> 454.04144 | L19: =(2/3)^3*Parámetros!C56*(Parámetros!C57)^2*'No linealidades'!D16*(10^(E19/10)*0.001)^2*LOG10(PI()^2*ABS(Parámetros!C58*10^(-24))*'No linealidades'!D16*(Parámetros!C59)^2*Parámetros!C74^2)/(PI()*ABS(Parámetros!C58*10^(-24))*Parámetros!C74^3)*Parámetros!C73*10^9 -> 0.001320098 | M19: =10*LOG10(N19) -> 28.793938 | N19: =1/L19 -> 757.5195 | O19: =10*LOG10(P19) -> 23.610959 | P19: =HARMEAN(N11,N6,N15,N19)/4 -> 229.66559 | Q19: =10*LOG10(HARMEAN(K19,P19)/2) -> 21.833214
A20: Fibra | B20: 74 | C20: =Parámetros!C41 -> 0.185 | D20: =-B20*C20 -> -13.69 | E20: =D20+E19 -> -8.21 | F20: =IF(E20>=Parámetros!C$33,"V","F") -> V
A21: Los Menucos
A22: VOA (ILA) | D22: =-(E20-Parámetros!C$37) -> -11.31 | E22: =D22+E20 -> -19.52 | F22: =Parámetros!C$37 -> -19.52
A23: Amplificador (Los Menucos) | D23: =Parámetros!C$35 -> 25 | E23: =D23+E22 -> 5.48 | G23: =Parámetros!C$38 -> 5.5 | H23: =E22+158.9-10*LOG10(Parámetros!C$13*10^9)-G23 -> 32.9109 | I23: =10^(H23/10) -> 1954.7444 | J23: =10*LOG10(K23) -> 25.663873 | K23: =1/((1/K19)+(1/I23)) -> 368.4574 | L23: =(2/3)^3*Parámetros!C56*(Parámetros!C57)^2*'No linealidades'!D17*(10^(E23/10)*0.001)^2*LOG10(PI()^2*ABS(Parámetros!C58*10^(-24))*'No linealidades'!D17*(Parámetros!C59)^2*Parámetros!C74^2)/(PI()*ABS(Parámetros!C58*10^(-24))*Parámetros!C74^3)*Parámetros!C73*10^9 -> 0.0013600003 | M23: =10*LOG10(N23) -> 28.66461 | N23: =1/L23 -> 735.29396 | O23: =10*LOG10(P23) -> 22.430478 | P23: =HARMEAN(N11,N6,N15,N19,N23)/5 -> 175.00394 | Q23: =10*LOG10(HARMEAN(K23,P23)/2) -> 20.742665
A24: Fibra | B24: 96 | C24: =Parámetros!C41 -> 0.185 | D24: =-B24*C24 -> -17.76 | E24: =D24+E23 -> -12.28 | F24: =IF(E24>=Parámetros!C$33,"V","F") -> V
A25: Ministro Ramos Mexía
A26: VOA (ILA) | D26: =-(E24-Parámetros!C$37) -> -7.24 | E26: =D26+E24 -> -19.52 | F26: =Parámetros!C$37 -> -19.52
A27: Amplificador (Ministro Ramos Mexía) | D27: =Parámetros!C$35 -> 25 | E27: =D27+E26 -> 5.48 | G27: =Parámetros!C$38 -> 5.5 | H27: =E26+158.9-10*LOG10(Parámetros!C$13*10^9)-G27 -> 32.9109 | I27: =10^(H27/10) -> 1954.7444 | J27: =10*LOG10(K27) -> 24.913903 | K27: =1/((1/K23)+(1/I27)) -> 310.02044 | L27: =(2/3)^3*Parámetros!C56*(Parámetros!C57)^2*'No linealidades'!D18*(10^(E27/10)*0.001)^2*LOG10(PI()^2*ABS(Parámetros!C58*10^(-24))*'No linealidades'!D18*(Parámetros!C59)^2*Parámetros!C74^2)/(PI()*ABS(Parámetros!C58*10^(-24))*Parámetros!C74^3)*Parámetros!C73*10^9 -> 0.0012853467 | M27: =10*LOG10(N27) -> 28.909797 | N27: =1/L27 -> 778.00024 | O27: =10*LOG10(P27) -> 21.549328 | P27: =HARMEAN(N11,N6,N15,N19,N23,N27)/6 -> 142.86727 | Q27: =10*LOG10(HARMEAN(K27,P27)/2) -> 19.903325
A28: Fibra | B28: 64 | C28: =Parámetros!C41 -> 0.185 | D28: =-B28*C28 -> -11.84 | E28: =D28+E27 -> -6.36 | F28: =IF(E28>=Parámetros!C$33,"V","F") -> V
A29: Nahuel Niyeu
A30: VOA (ILA) | D30: =-(E28-Parámetros!C$37) -> -13.16 | E30: =D30+E28 -> -19.52 | F30: =Parámetros!C$37 -> -19.52
A31: Amplificador (Nahuel Niyeu) | D31: =Parámetros!C$35 -> 25 | E31: =D31+E30 -> 5.48 | G31: =Parámetros!C$38 -> 5.5 | H31: =E30+158.9-10*LOG10(Parámetros!C$13*10^9)-G31 -> 32.9109 | I31: =10^(H31/10) -> 1954.7444 | J31: =10*LOG10(K31) -> 24.274572 | K31: =1/((1/K27)+(1/I31)) -> 267.58218 | L31: =(2/3)^3*Parámetros!C56*(Parámetros!C57)^2*'No linealidades'!D19*(10^(E31/10)*0.001)^2*LOG10(PI()^2*ABS(Parámetros!C58*10^(-24))*'No linealidades'!D19*(Parámetros!C59)^2*Parámetros!C74^2)/(PI()*ABS(Parámetros!C58*10^(-24))*Parámetros!C74^3)*Parámetros!C73*10^9 -> 0.001332671 | M31: =10*LOG10(N31) -> 28.75277 | N31: =1/L31 -> 750.37273 | O31: =10*LOG10(P31) -> 20.792416 | P31: =HARMEAN(N11,N6,N15,N19,N23,N27,N31)/7 -> 120.01669 | Q31: =10*LOG10(HARMEAN(K31,P31)/2) -> 19.183163
A32: Fibra | B32: 79 | C32: =Parámetros!C41 -> 0.185 | D32: =-B32*C32 -> -14.615 | E32: =D32+E31 -> -9.135 | F32: =IF(E32>=Parámetros!C$33,"V","F") -> V
A33: Aguada Cecilio
A34: VOA (Line In) | D34: =-(E32+Parámetros!H18) -> -9.665 | E34: =D34+E32 -> -18.8 | F34: =Parámetros!C22 -> -18.02
A35: Preamplificador | D35: =Parámetros!C20 -> 21 | E35: =D35+E34 -> 2.2 | G35: =Parámetros!C23 -> 5.5 | H35: =E34+158.9-10*LOG10(Parámetros!C$13*10^9)-G35 -> 33.6309 | I35: =10^(H35/10) -> 2307.2252 | J35: =10*LOG10(K35) -> 23.798024 | K35: =1/((1/K31)+(1/I35)) -> 239.77419 | L35: - | M35: - | N35: - | O35: - | P35: - | Q35: =10*LOG10(HARMEAN(K35,P31)/2) -> 19.029939
A36: DEMUX+ | D36: =-Parámetros!C16 -> -10 | E36: =D36+E35 -> -7.8
A37: Transceiver | E37: =E36 -> -7.8 | F37: =IF(E37>=Parámetros!C67,"V","F") -> V
F38: TOTAL | J38: =J35 -> 23.798024 | K38: =K35 -> 239.77419 | O38: =O31 -> 20.792416 | P38: =P31 -> 120.01669 | Q38: =10*LOG10(HARMEAN(K38,P38)/2) -> 19.029939 | R38: NO FUNCIONA
F39: Requerido para 100 Gbps | J39: =Parámetros!C83 -> 20.5 | K39: =10^(J39/10) -> 112.20185 | Q39: =Parámetros!C83 -> 20.5
A41: Longitud de onda | B41: Coeficiente DC (ps/(nm.km) | C41: Coeficiente DCF (ps/(nm.km) | D41: Compensacion Transceiver ps/nm | H41: Longitud de onda | I41: Coeficiente DC (ps/(nm.km)
A42: 1550 nm | B42: 18 | C42: -17 | D42: =Parámetros!C79 -> 30000 | H42: 1534.8 nm - 195,4 THz | I42: 17.09
A43: Tramo | B43: Distancia (km) | C43: Dispersión tramo (ps/nm) | D43: Dispersión acumulada (ps/nm) | G43: Distancia (km) | H43: Dispersión tramo (ps/nm) | I43: Dispersión acumulada (ps/nm)
A44: DinaHuapi-Comallo | B44: 107 | C44: =B$42*B44 -> 1926 | D44: =C44 -> 1926 | G44: 107 | H44: =I$42*G44 -> 1828.63 | I44: =H44 -> 1828.63
A45: Comallo-IngJacobacci | B45: 95 | C45: =B$42*B45 -> 1710 | D45: =C45+D44 -> 3636 | G45: 95 | H45: =I$42*G45 -> 1623.55 | I45: =H45+I44 -> 3452.18
A46: IngJacobacci-Maquinchao | B46: 77 | C46: =B$42*B46 -> 1386 | D46: =C46+D45 -> 5022 | G46: 77 | H46: =I$42*G46 -> 1315.93 | I46: =H46+I45 -> 4768.11
A47: Maquinchao-LosMenucos | B47: 74 | C47: =B$42*B47 -> 1332 | D47: =C47+D46 -> 6354 | G47: 74 | H47: =I$42*G47 -> 1264.66 | I47: =H47+I46 -> 6032.77
A48: LosMenucos-MinistroRamosMexia | B48: 96 | C48: =B$42*B48 -> 1728 | D48: =C48+D47 -> 8082 | G48: 96 | H48: =I$42*G48 -> 1640.64 | I48: =H48+I47 -> 7673.41
A49: MinistroRamosMexia-NahuelNiyeu | B49: 64 | C49: =B$42*B49 -> 1152 | D49: =C49+D48 -> 9234 | G49: 64 | H49: =I$42*G49 -> 1093.76 | I49: =H49+I48 -> 8767.17
A50: NahuelNiyeu-AguadaCecilio | B50: 79 | C50: =B$42*B50 -> 1422 | D50: =C50+D49 -> 10656 | G50: 79 | H50: =I$42*G50 -> 1350.11 | I50: =H50+I49 -> 10117.28
H53: Longitud de onda | I53: Coeficiente DC (ps/(nm.km)
A54: Cálculo PMD | B54: =Parámetros!C43 -> 0.1 | C54: Coeficiente PMD | H54: 1565 nm - 191.7 THz | I54: 18.85
A55: Tramo | B55: Distancia (km) | C55: Dispersión (ps) | G55: Distancia (km) | H55: Dispersión tramo (ps/nm) | I55: Dispersión acumulada (ps/nm)
A56: DinaHuapi-Comallo | B56: 107 | C56: =B$54*SQRT(B56) -> 1.034408 | G56: 107 | H56: =I$54*G56 -> 2016.95 | I56: =H56 -> 2016.95
A57: Comallo-IngJacobacci | B57: 95 | C57: =B$54*SQRT(B57) -> 0.97467943 | G57: 95 | H57: =I$54*G57 -> 1790.75 | I57: =H57+I56 -> 3807.7
A58: IngJacobacci-Maquinchao | B58: 77 | C58: =B$54*SQRT(B58) -> 0.87749644 | G58: 77 | H58: =I$54*G58 -> 1451.45 | I58: =H58+I57 -> 5259.15
A59: Maquinchao-LosMenucos | B59: 74 | C59: =B$54*SQRT(B59) -> 0.86023253 | G59: 74 | H59: =I$54*G59 -> 1394.9 | I59: =H59+I58 -> 6654.05
A60: LosMenucos-MinistroRamosMexia | B60: 96 | C60: =B$54*SQRT(B60) -> 0.9797959 | G60: 96 | H60: =I$54*G60 -> 1809.6 | I60: =H60+I59 -> 8463.65
A61: MinistroRamosMexia-NahuelNiyeu | B61: 64 | C61: =B$54*SQRT(B61) -> 0.8 | G61: 64 | H61: =I$54*G61 -> 1206.4 | I61: =H61+I60 -> 9670.05
A62: NahuelNiyeu-AguadaCecilio | B62: 79 | C62: =B$54*SQRT(B62) -> 0.88881944 | G62: 79 | H62: =I$54*G62 -> 1489.15 | I62: =H62+I61 -> 11159.2
A63: PMD Total | C63: =SUM(C56:C62) -> 6.4154318
B64: El transceiver aguanta 30 [ps]

Sheet Enlace Largo 200Gbps REG
A1: Dina Huapi - Aguada Cecilio | D1: calculos normalizados a 0,1 nm
A2: Presupuesto de Potencia | B2: Distancia (km) | C2: Atenuación por km | D2: Amplificación/Atenuación (dB) | E2: Potencia acumulada (dBm) | F2: 200 Gbps / Limite | G2: NF (dB) | H2: OSNR canal (dB) | I2: OSNR canal (veces) | J2: OSNR acumulada (dB) | K2: OSNR acumulada (veces) | L2: 1/GSNR NL | M2: GSNR NL (dB) | N2: GSNR NL (veces) | O2: GSNR NL acumulada (dB) | P2: GSNR NL acumulada (veces) | Q2: GSNR Total (dB)
A3: Dina Huapi | F3: 200
A4: Transceiver | E4: =Parámetros!C78 -> -9 | H4: =Parámetros!C82 -> 38 | I4: =10^(H4/10) -> 6309.5734 | J4: =H4 -> 38 | K4: =I4 -> 6309.5734 | L4: - | M4: - | N4: - | O4: - | P4: -
A5: MUX+ | D5: =-Parámetros!C16 -> -10 | E5: =D5+E4 -> -19 | F5: =Parámetros!C$29 -> -17.52
A6: Amplificador Booster | D6: =Parámetros!C27 -> 21.5 | E6: =D6+E5 -> 2.5 | G6: =Parámetros!C30 -> 6 | H6: =E5+158.9-10*LOG10(Parámetros!C13*10^9)-G6 -> 32.9309 | I6: =10^(H6/10) -> 1963.7671 | J6: =10*LOG10(K6) -> 31.754091 | K6: =1/((1/K4)+(1/I6)) -> 1497.6457 | L6: =(2/3)^3*Parámetros!C56*(Parámetros!C57)^2*'No linealidades'!D13*(10^(E7/10)*0.001)^2*LOG10(PI()^2*ABS(Parámetros!C58*10^(-24))*'No linealidades'!D13*(Parámetros!C59)^2*Parámetros!C74^2)/(PI()*ABS(Parámetros!C58*10^(-24))*Parámetros!C74^3)*Parámetros!C73*10^9 -> 0.00034721887 | M6: =10*LOG10(N6) -> 34.593967 | N6: =1/L6 -> 2880.0278 | O6: =M6 -> 34.593967 | P6: =N6 -> 2880.0278 | Q6: =10*LOG10(HARMEAN(K6,P6)/2) -> 29.935624
A7: VOA (BOOSTER) | D7: 0 | E7: =E6 -> 2.5
A8: Fibra | B8: 107 | C8: =Parámetros!C41 -> 0.185 | D8: =-B8*C8 -> -19.795 | E8: =D8+E7 -> -17.295 | F8: =IF(E8>=Parámetros!C$33,"V","F") -> V
A9: Comallo
A10: VOA (ILA) | D10: =-(E8-Parámetros!C$37) -> -2.225 | E10: =E8+D10 -> -19.52 | F10: =Parámetros!C$37 -> -19.52
A11: Amplificador (Comallo) | D11: =Parámetros!C$35 -> 25 | E11: =E10+D11 -> 5.48 | G11: =Parámetros!C$38 -> 5.5 | H11: =E10+158.9-10*LOG10(Parámetros!C$13*10^9)-G11 -> 32.9109 | I11: =10^(H11/10) -> 1954.7444 | J11: =10*LOG10(K11) -> 29.283792 | K11: =1/((1/K6)+(1/I11)) -> 847.96749 | L11: =(2/3)^3*Parámetros!C56*(Parámetros!C57)^2*'No linealidades'!D14*(10^(E11/10)*0.001)^2*LOG10(PI()^2*ABS(Parámetros!C58*10^(-24))*'No linealidades'!D14*(Parámetros!C59)^2*Parámetros!C74^2)/(PI()*ABS(Parámetros!C58*10^(-24))*Parámetros!C74^3)*Parámetros!C73*10^9 -> 0.0013588805 | M11: =10*LOG10(N11) -> 28.668187 | N11: =1/L11 -> 735.89989 | O11: =10*LOG10(P11) -> 27.679957 | P11: =HARMEAN(N11,N6)/2 -> 586.13233 | Q11: =10*LOG10(HARMEAN(K11,P11)/2) -> 25.397955
A12: Fibra | B12: 95 | C12: =Parámetros!C41 -> 0.185 | D12: =-B12*C12 -> -17.575 | E12: =D12+E11 -> -12.095 | F12: =IF(E12>=Parámetros!C$33,"V","F") -> V
A13: Ing. Jacobacci
A14: VOA (ILA) | D14: =-(E12-Parámetros!C$37) -> -7.425 | E14: =D14+E12 -> -19.52 | F14: =Parámetros!C$37 -> -19.52
A15: Amplificador (Ing. Jacobacci) | D15: =Parámetros!C$35 -> 25 | E15: =D15+E14 -> 5.48 | G15: =Parámetros!C$38 -> 5.5 | H15: =E14+158.9-10*LOG10(Parámetros!C$13*10^9)-G15 -> 32.9109 | I15: =10^(H15/10) -> 1954.7444 | J15: =10*LOG10(K15) -> 27.718907 | K15: =1/((1/K11)+(1/I15)) -> 591.41281 | L15: =(2/3)^3*Parámetros!C56*(Parámetros!C57)^2*'No linealidades'!D15*(10^(E15/10)*0.001)^2*LOG10(PI()^2*ABS(Parámetros!C58*10^(-24))*'No linealidades'!D15*(Parámetros!C59)^2*Parámetros!C74^2)/(PI()*ABS(Parámetros!C58*10^(-24))*Parámetros!C74^3)*Parámetros!C73*10^9 -> 0.0013279594 | M15: =10*LOG10(N15) -> 28.768152 | N15: =1/L15 -> 753.03509 | O15: =10*LOG10(P15) -> 25.17976 | P15: =HARMEAN(N11,N6,N15)/3 -> 329.59151 | Q15: =10*LOG10(HARMEAN(K15,P15)/2) -> 23.256051
A16: Fibra | B16: 77 | C16: =Parámetros!C41 -> 0.185 | D16: =-B16*C16 -> -14.245 | E16: =D16+E15 -> -8.765 | F16: =IF(E16>=Parámetros!C$33,"V","F") -> V
A17: Maquinchao
A18: VOA (ILA) | D18: =-(E16-Parámetros!C$37) -> -10.755 | E18: =D18+E16 -> -19.52 | F18: =Parámetros!C$37 -> -19.52
A19: Amplificador (Maquinchao) | D19: =Parámetros!C$35 -> 25 | E19: =D19+E18 -> 5.48 | G19: =Parámetros!C$38 -> 5.5 | H19: =E18+158.9-10*LOG10(Parámetros!C$13*10^9)-G19 -> 32.9109 | I19: =10^(H19/10) -> 1954.7444 | J19: =10*LOG10(K19) -> 26.570955 | K19: =1/((1/K15)+(1/I19)) -> 454.04144 | L19: =(2/3)^3*Parámetros!C56*(Parámetros!C57)^2*'No linealidades'!D16*(10^(E19/10)*0.001)^2*LOG10(PI()^2*ABS(Parámetros!C58*10^(-24))*'No linealidades'!D16*(Parámetros!C59)^2*Parámetros!C74^2)/(PI()*ABS(Parámetros!C58*10^(-24))*Parámetros!C74^3)*Parámetros!C73*10^9 -> 0.001320098 | M19: =10*LOG10(N19) -> 28.793938 | N19: =1/L19 -> 757.5195 | O19: =10*LOG10(P19) -> 23.610959 | P19: =HARMEAN(N11,N6,N15,N19)/4 -> 229.66559 | Q19: =10*LOG10(HARMEAN(K19,P19)/2) -> 21.833214
A20: Fibra | B20: 74 | C20: =Parámetros!C41 -> 0.185 | D20: =-B20*C20 -> -13.69 | E20: =D20+E19 -> -8.21 | F20: =IF(E20>=Parámetros!C$33,"V","F") -> V
A21: Los Menucos (Regeneracion)
A22: VOA (Line In) | D22: =-(E20+Parámetros!H18) -> -10.59 | E22: =D22+E20 -> -18.8 | F22: =Parámetros!C22 -> -18.02
A23: Preamplificador | D23: =Parámetros!C20 -> 21 | E23: =D23+E22 -> 2.2 | G23: =Parámetros!C23 -> 5.5 | H23: =E22+158.9-10*LOG10(Parámetros!C13*10^9)-G23 -> 33.6309 | I23: =10^(H23/10) -> 2307.2252 | J23: =10*LOG10(K23) -> 25.790771 | K23: =1/(1/I23+1/K19) -> 379.38236 | L23: - | M23: - | N23: - | O23: - | P23: - | Q23: =10*LOG10(HARMEAN(K22,P19)/2) -> 20.600659
A24: DEMUX+ | D24: =-Parámetros!C16 -> -10 | E24: =D24+E23 -> -7.8
A25: Transceiver (Rx) | E25: =E24 -> -7.8
A26: Transceiver (Tx) | E26: =Parámetros!C78 -> -9 | H26: =Parámetros!C82 -> 38 | I26: =10^(H26/10) -> 6309.5734 | J26: =H26 -> 38 | K26: =10^(J26/10) -> 6309.5734 | L26: - | M26: - | N26: - | O26: - | P26: -
A27: MUX+ | D27: =-Parámetros!C16 -> -10 | E27: =D27+E26 -> -19 | F27: =Parámetros!C29 -> -17.52
A28: Amplificador Booster | D28: =Parámetros!C27 -> 21.5 | E28: =D28+E27 -> 2.5 | G28: =Parámetros!C18 -> -25 | H28: =E27+158.9-10*LOG10(Parámetros!C13*10^9)-G28 -> 63.9309 | I28: =10^(H28/10) -> 2472236.3 | J28: =10*LOG10(K28) -> 37.98893 | K28: =1/((1/K26)+(1/I28)) -> 6293.5113 | L28: =(2/3)^3*Parámetros!C56*(Parámetros!C57)^2*'No linealidades'!D17*(10^(E29/10)*0.001)^2*LOG10(PI()^2*ABS(Parámetros!C58*10^(-24))*'No linealidades'!D17*(Parámetros!C59)^2*Parámetros!C60^2)/(PI()*ABS(Parámetros!C58*10^(-24))*Parámetros!C60^3)*Parámetros!C86*10^9 -> 4.9935018e-05 | M28: =10*LOG10(N28) -> 43.015948 | N28: =1/L28 -> 20026.027 | O28: =10*LOG10(P28) -> 43.015948 | P28: =N28 -> 20026.027 | Q28: =10*LOG10(HARMEAN(K28,P28)/2) -> 36.802095
A29: VOA (Booster) | D29: 0 | E29: =E28 -> 2.5
A30: Fibra | B30: 96 | C30: =Parámetros!C41 -> 0.185 | D30: =-B30*C30 -> -17.76 | E30: =D30+E29 -> -15.26 | F30: =IF(E30>=Parámetros!C$33,"V","F") -> V
A31: MinistroRamosMexia
A32: VOA (ILA) | D32: =-(E30-Parámetros!C$37) -> -4.26 | E32: =D32+E30 -> -19.52 | F32: =Parámetros!C$37 -> -19.52
A33: Amplificador (Nahuel Niyeu) | D33: =Parámetros!C$35 -> 25 | E33: =D33+E32 -> 5.48 | G33: =Parámetros!C$38 -> 5.5 | H33: =E32+158.9-10*LOG10(Parámetros!C$13*10^9)-G33 -> 32.9109 | I33: =10^(H33/10) -> 1954.7444 | J33: =10*LOG10(K33) -> 31.736209 | K33: =1/((1/K28)+(1/I33)) -> 1491.4919 | L33: =(2/3)^3*Parámetros!C56*(Parámetros!C57)^2*'No linealidades'!D18*(10^(E33/10)*0.001)^2*LOG10(PI()^2*ABS(Parámetros!C58*10^(-24))*'No linealidades'!D18*(Parámetros!C59)^2*Parámetros!C74^2)/(PI()*ABS(Parámetros!C58*10^(-24))*Parámetros!C74^3)*Parámetros!C73*10^9 -> 0.0012853467 | M33: =10*LOG10(N33) -> 28.909797 | N33: =1/L33 -> 778.00024 | O33: =10*LOG10(P33) -> 28.744271 | P33: =HARMEAN(N28,N33)/2 -> 748.90566 | Q33: =10*LOG10(HARMEAN(K33,P33)/2) -> 26.977229
A34: Fibra | B34: 64 | C34: =Parámetros!C41 -> 0.185 | D34: =-B34*C34 -> -11.84 | E34: =D34+E33 -> -6.36 | F34: =IF(E34>=Parámetros!C$33,"V","F") -> V
A35: Nahuel Niyeu
A36: VOA (ILA) | D36: =-(E34-Parámetros!C$37) -> -13.16 | E36: =D36+E34 -> -19.52 | F36: =Parámetros!C$37 -> -19.52
A37: Amplificador (Nahuel Niyeu) | D37: =Parámetros!C$35 -> 25 | E37: =D37+E36 -> 5.48 | G37: =Parámetros!C$38 -> 5.5 | H37: =E36+158.9-10*LOG10(Parámetros!C$13*10^9)-G37 -> 32.9109 | I37: =10^(H37/10) -> 1954.7444 | J37: =10*LOG10(K37) -> 29.273658 | K37: =1/((1/K33)+(1/I37)) -> 845.99115 | L37: =(2/3)^3*Parámetros!C56*(Parámetros!C57)^2*'No linealidades'!D19*(10^(E37/10)*0.001)^2*LOG10(PI()^2*ABS(Parámetros!C58*10^(-24))*'No linealidades'!D19*(Parámetros!C59)^2*Parámetros!C74^2)/(PI()*ABS(Parámetros!C58*10^(-24))*Parámetros!C74^3)*Parámetros!C73*10^9 -> 0.001332671 | M37: =10*LOG10(N37) -> 28.75277 | N37: =1/L37 -> 750.37273 | O37: =10*LOG10(P37) -> 25.738219 | P37: =HARMEAN(N28,N33,N37)/3 -> 374.81924 | Q37: =10*LOG10(HARMEAN(K37,P37)/2) -> 24.145395
A38: Fibra | B38: 79 | C38: =Parámetros!C41 -> 0.185 | D38: =-B38*C38 -> -14.615 | E38: =D38+E33 -> -9.135 | F38: =IF(E38>=Parámetros!C$33,"V","F") -> V
A39: Aguada Cecilio
A40: VOA (Line In) | D40: =-(E38+Parámetros!H18) -> -9.665 | E40: =D40+E38 -> -18.8 | F40: =Parámetros!C22 -> -18.02
A41: Preamplificador | D41: =Parámetros!C20 -> 21 | E41: =D41+E40 -> 2.2 | G41: =Parámetros!C23 -> 5.5 | H41: =E40+158.9-10*LOG10(Parámetros!C$13*10^9)-G41 -> 33.6309 | I41: =10^(H41/10) -> 2307.2252 | J41: =10*LOG10(K41) -> 27.91702 | K41: =1/((1/K37)+(1/I41)) -> 619.01623 | L41: - | M41: - | N41: - | O41: - | P41: - | Q41: =10*LOG10(HARMEAN(K41,P37)/2) -> 23.682094
A42: DEMUX+ | D42: =-Parámetros!C16 -> -10 | E42: =D42+E41 -> -7.8
A43: Transceiver | E43: =E42 -> -7.8 | F43: =IF(E43>=Parámetros!C67,"V","F") -> V
F44: TOTAL | J44: =J41 -> 27.91702 | K44: =K41 -> 619.01623 | O44: =O37 -> 25.738219 | P44: =P37 -> 374.81924 | Q44: =10*LOG10(HARMEAN(K44,P44)/2) -> 23.682094 | R44: FUNCIONA
F45: Requerido para 100 Gbps | J45: =Parámetros!C83 -> 20.5 | K45: =10^(J45/10) -> 112.20185 | Q45: =Parámetros!C83 -> 20.5
A47: Longitud de onda | B47: Coeficiente DC (ps/(nm.km) | C47: Coeficiente DCF (ps/(nm.km) | D47: Compensacion Transceiver ps/nm | H47: Longitud de onda | I47: Coeficiente DC (ps/(nm.km)
A48: 1550 nm | B48: 18 | C48: -17 | D48: =Parámetros!C79 -> 30000 | H48: 1534.8 nm - 195,4 THz | I48: 17.09
A49: Tramo | B49: Distancia (km) | C49: Dispersión tramo (ps/nm) | D49: Dispersión acumulada (ps/nm) | G49: Distancia (km) | H49: Dispersión tramo (ps/nm) | I49: Dispersión acumulada (ps/nm)
A50: DinaHuapi-Comallo | B50: 107 | C50: =B$48*B50 -> 1926 | D50: =C50 -> 1926 | G50: 107 | H50: =I$48*G50 -> 1828.63 | I50: =H50 -> 1828.63
A51: Comallo-IngJacobacci | B51: 95 | C51: =B$48*B51 -> 1710 | D51: =C51+D50 -> 3636 | G51: 95 | H51: =I$48*G51 -> 1623.55 | I51: =H51+I50 -> 3452.18
A52: IngJacobacci-Maquinchao | B52: 77 | C52: =B$48*B52 -> 1386 | D52: =C52+D51 -> 5022 | G52: 77 | H52: =I$48*G52 -> 1315.93 | I52: =H52+I51 -> 4768.11
A53: Maquinchao-LosMenucos | B53: 74 | C53: =B$48*B53 -> 1332 | D53: =C53 -> 1332 | G53: 74 | H53: =I$48*G53 -> 1264.66 | I53: =H53+I52 -> 6032.77
A54: LosMenucos-MinistroRamosMexia | B54: 96 | C54: =B$48*B54 -> 1728 | D54: =C54+D53 -> 3060 | G54: 96 | H54: =I$48*G54 -> 1640.64 | I54: =H54 -> 1640.64
A55: MinistroRamosMexia-NahuelNiyeu | B55: 64 | C55: =B$48*B55 -> 1152 | D55: =C55+D54 -> 4212 | G55: 64 | H55: =I$48*G55 -> 1093.76 | I55: =H55+I54 -> 2734.4
A56: NahuelNiyeu-AguadaCecilio | B56: 79 | C56: =B$48*B56 -> 1422 | D56: =C56+D55 -> 5634 | G56: 79 | H56: =I$48*G56 -> 1350.11 | I56: =H56+I55 -> 4084.51
H59: Longitud de onda | I59: Coeficiente DC (ps/(nm.km)
A60: Cálculo PMD | B60: =Parámetros!C43 -> 0.1 | C60: Coeficiente PMD | H60: 1565 nm - 191.7 THz | I60: 18.85
A61: Tramo | B61: Distancia (km) | C61: Dispersión (ps) | G61: Distancia (km) | H61: Dispersión tramo (ps/nm) | I61: Dispersión acumulada (ps/nm)
A62: DinaHuapi-Comallo | B62: 107 | C62: =B$60*SQRT(B62) -> 1.034408 | G62: 107 | H62: =I$60*G62 -> 2016.95 | I62: =H62 -> 2016.95
A63: Comallo-IngJacobacci | B63: 95 | C63: =B$60*SQRT(B63) -> 0.97467943 | G63: 95 | H63: =I$60*G63 -> 1790.75 | I63: =H63+I62 -> 3807.7
A64: IngJacobacci-Maquinchao | B64: 77 | C64: =B$60*SQRT(B64) -> 0.87749644 | G64: 77 | H64: =I$60*G64 -> 1451.45 | I64: =H64+I63 -> 5259.15
A65: Maquinchao-LosMenucos | B65: 74 | C65: =B$60*SQRT(B65) -> 0.86023253 | G65: 74 | H65: =I$60*G65 -> 1394.9 | I65: =H65+I64 -> 6654.05
A66: LosMenucos-MinistroRamosMexia | B66: 96 | C66: =B$60*SQRT(B66) -> 0.9797959 | G66: 96 | H66: =I$60*G66 -> 1809.6 | I66: =H66 -> 1809.6
A67: MinistroRamosMexia-NahuelNiyeu | B67: 64 | C67: =B$60*SQRT(B67) -> 0.8 | G67: 64 | H67: =I$60*G67 -> 1206.4 | I67: =H67+I66 -> 3016
A68: NahuelNiyeu-AguadaCecilio | B68: 79 | C68: =B$60*SQRT(B68) -> 0.88881944 | G68: 79 | H68: =I$60*G68 -> 1489.15 | I68: =H68+I67 -> 4505.15
A69: PMD Total | C69: =SUM(C66:C68) -> 2.6686153
B70: El transceiver aguanta 30 [ps]
